seqs,fitness,0,1,2,3,4,5,6,7,8,9,10,11,12,13,14,15,16,17,18,19,20,21,22,23,24,25,26,27,28,29,30,31,32,33,34,35,36,37,38,39,40,41,42,43,44,45,46,47,48,49,50,51,52,53,54,55,56,57,58,59,60,61,62,63,64,65,66,67,68,69,70,71,72,73,74,75,76,77,78,79,80,81,82,83,84,85,86,87,88,89,90,91,92,93,94,95,96,97,98,99,100,101,102,103,104,105,106,107,108,109,110,111,112,113,114,115,116,117,118,119,120,121,122,123,124,125,126,127,128,129,130,131,132,133,134,135,136,137,138,139,140,141,142,143,144,145,146,147,148,149,150,151,152,153,154,155,156,157,158,159,160,161,162,163,164,165,166,167
KPTENNEDFNIVAVASNFATTDLDADRGKLPGKKLPLEVLKEMEANARKAGCTRGCLICLSKIKCTAKMKKFIPGRCHTYEGDKDTGQGGIGEAIVDIPEIPGFKDMEPMEQFIAQVDLCEDCTTGCLKGLANVQCSDLLKKWLPQRCATFASKIQGQVDKIKGAGGD,3.863291139,K,P,T,E,N,N,E,D,F,N,I,V,A,V,A,S,N,F,A,T,T,D,L,D,A,D,R,G,K,L,P,G,K,K,L,P,L,E,V,L,K,E,M,E,A,N,A,R,K,A,G,C,T,R,G,C,L,I,C,L,S,K,I,K,C,T,A,K,M,K,K,F,I,P,G,R,C,H,T,Y,E,G,D,K,D,T,G,Q,G,G,I,G,E,A,I,V,D,I,P,E,I,P,G,F,K,D,M,E,P,M,E,Q,F,I,A,Q,V,D,L,C,E,D,C,T,T,G,C,L,K,G,L,A,N,V,Q,C,S,D,L,L,K,K,W,L,P,Q,R,C,A,T,F,A,S,K,I,Q,G,Q,V,D,K,I,K,G,A,G,G,D
KPTENNEDFNIVAVASNFATTDLDADRGKLPGKKLPLEVLKEMEANARKAGCTRGCLICLSKIKCTPKMKKFIPGRCHTYEGDKSTGQGGIGPAIVDIPEIPGFKDMEPMEQFIAQVDLCEDCTTGCLKGLANVQCSDLLKKWLPQRCATFASKIQGQVDKIKGAGGD,3.396864584,K,P,T,E,N,N,E,D,F,N,I,V,A,V,A,S,N,F,A,T,T,D,L,D,A,D,R,G,K,L,P,G,K,K,L,P,L,E,V,L,K,E,M,E,A,N,A,R,K,A,G,C,T,R,G,C,L,I,C,L,S,K,I,K,C,T,P,K,M,K,K,F,I,P,G,R,C,H,T,Y,E,G,D,K,S,T,G,Q,G,G,I,G,P,A,I,V,D,I,P,E,I,P,G,F,K,D,M,E,P,M,E,Q,F,I,A,Q,V,D,L,C,E,D,C,T,T,G,C,L,K,G,L,A,N,V,Q,C,S,D,L,L,K,K,W,L,P,Q,R,C,A,T,F,A,S,K,I,Q,G,Q,V,D,K,I,K,G,A,G,G,D
KPTENNEDFNIVAVASNFATTDLDADRGKLPGKKLPLEVLKEMEANARRAGCTRGCLICLSKIKCTLKMKKFIPGRCHTYEGDKETGQGGIGEAIVDIPEIPGFKDLEPMEQFIAQVDLCEDCTTGCLKGLANVQCSDLLKKWLPQRCATFASKIQGQVDKIKGAGGD,3.380379747,K,P,T,E,N,N,E,D,F,N,I,V,A,V,A,S,N,F,A,T,T,D,L,D,A,D,R,G,K,L,P,G,K,K,L,P,L,E,V,L,K,E,M,E,A,N,A,R,R,A,G,C,T,R,G,C,L,I,C,L,S,K,I,K,C,T,L,K,M,K,K,F,I,P,G,R,C,H,T,Y,E,G,D,K,E,T,G,Q,G,G,I,G,E,A,I,V,D,I,P,E,I,P,G,F,K,D,L,E,P,M,E,Q,F,I,A,Q,V,D,L,C,E,D,C,T,T,G,C,L,K,G,L,A,N,V,Q,C,S,D,L,L,K,K,W,L,P,Q,R,C,A,T,F,A,S,K,I,Q,G,Q,V,D,K,I,K,G,A,G,G,D
KPTENNEDFNIVAVASNFATTDLDADRGKLPGKKLPLEVLKEMEANARRAGCTRGCLICLSKIKCTAKMKKFIPGRCHTYEGDKATGQGGIGEAIVDIPEIPGFKDMEPMEQFIAQVDLCDDCTTGCLKGLANVQCSDLLKKWLPQRCATFASKIQGQVDKIKGAGGD,3.315991561,K,P,T,E,N,N,E,D,F,N,I,V,A,V,A,S,N,F,A,T,T,D,L,D,A,D,R,G,K,L,P,G,K,K,L,P,L,E,V,L,K,E,M,E,A,N,A,R,R,A,G,C,T,R,G,C,L,I,C,L,S,K,I,K,C,T,A,K,M,K,K,F,I,P,G,R,C,H,T,Y,E,G,D,K,A,T,G,Q,G,G,I,G,E,A,I,V,D,I,P,E,I,P,G,F,K,D,M,E,P,M,E,Q,F,I,A,Q,V,D,L,C,D,D,C,T,T,G,C,L,K,G,L,A,N,V,Q,C,S,D,L,L,K,K,W,L,P,Q,R,C,A,T,F,A,S,K,I,Q,G,Q,V,D,K,I,K,G,A,G,G,D
KPTENNEDFNIAAVASNFATTDLDADRGKLPGKKLPLEVLKEMEANARKAGCTRGCLICLSHIKCTPKMKKFIPGRCHTYEGDKESAQGGIGEAIVDIPEIPGFKDLEPMEQFIAQVDLCVDCTTGCLKGLANVQCSDLLKKWLPQRCATFASKIQGQVDKIKGAGGD,3.276321481,K,P,T,E,N,N,E,D,F,N,I,A,A,V,A,S,N,F,A,T,T,D,L,D,A,D,R,G,K,L,P,G,K,K,L,P,L,E,V,L,K,E,M,E,A,N,A,R,K,A,G,C,T,R,G,C,L,I,C,L,S,H,I,K,C,T,P,K,M,K,K,F,I,P,G,R,C,H,T,Y,E,G,D,K,E,S,A,Q,G,G,I,G,E,A,I,V,D,I,P,E,I,P,G,F,K,D,L,E,P,M,E,Q,F,I,A,Q,V,D,L,C,V,D,C,T,T,G,C,L,K,G,L,A,N,V,Q,C,S,D,L,L,K,K,W,L,P,Q,R,C,A,T,F,A,S,K,I,Q,G,Q,V,D,K,I,K,G,A,G,G,D
KPTENNEDFNIVAVASNFATTDLDADRGKLPGKKLPLEVLKEMEANARKAGCTRGCLICLSQIKCTPKMKKFIPGRCHTYEGDKSTGQGGIGPAIVDIPEIPGFKDMEPMEQFIAQVDLCEDCTTGCLKGLANVQCSDLLKKWLPQRCATFASKIQGQVDKIKGAGGD,3.224030558,K,P,T,E,N,N,E,D,F,N,I,V,A,V,A,S,N,F,A,T,T,D,L,D,A,D,R,G,K,L,P,G,K,K,L,P,L,E,V,L,K,E,M,E,A,N,A,R,K,A,G,C,T,R,G,C,L,I,C,L,S,Q,I,K,C,T,P,K,M,K,K,F,I,P,G,R,C,H,T,Y,E,G,D,K,S,T,G,Q,G,G,I,G,P,A,I,V,D,I,P,E,I,P,G,F,K,D,M,E,P,M,E,Q,F,I,A,Q,V,D,L,C,E,D,C,T,T,G,C,L,K,G,L,A,N,V,Q,C,S,D,L,L,K,K,W,L,P,Q,R,C,A,T,F,A,S,K,I,Q,G,Q,V,D,K,I,K,G,A,G,G,D
KPTENNEDFNIVAVASNFATTDLDADRGKLPGKKLPLEVLKEMEANARKAGCTRGCLICLSKIKCTLKMKKFIPGRCHTYEGDKSTGQGGIGSAIVDIPEIPGFKDMEPMEQFIAQVDLCEDCTTGCLKGLANVQCSDLLKKWLPQRCATFASKIQGQVDKIKGAGGD,3.17612673,K,P,T,E,N,N,E,D,F,N,I,V,A,V,A,S,N,F,A,T,T,D,L,D,A,D,R,G,K,L,P,G,K,K,L,P,L,E,V,L,K,E,M,E,A,N,A,R,K,A,G,C,T,R,G,C,L,I,C,L,S,K,I,K,C,T,L,K,M,K,K,F,I,P,G,R,C,H,T,Y,E,G,D,K,S,T,G,Q,G,G,I,G,S,A,I,V,D,I,P,E,I,P,G,F,K,D,M,E,P,M,E,Q,F,I,A,Q,V,D,L,C,E,D,C,T,T,G,C,L,K,G,L,A,N,V,Q,C,S,D,L,L,K,K,W,L,P,Q,R,C,A,T,F,A,S,K,I,Q,G,Q,V,D,K,I,K,G,A,G,G,D
KPTENNEDFNIVAVASNFATTDLDADRGKLPGKKLPLEVLKEMEANARKAGCTRGCLICLSKIKCTLKMKKFIPGRCHTYEGDKSTGQGGIGRAIVDIPEIPGFKDMEPMEQFIAQVDLCEDCTTGCLKGLANVQCSDLLKKWLPQRCATFASKIQGQVDKIKGAGGD,3.160483092,K,P,T,E,N,N,E,D,F,N,I,V,A,V,A,S,N,F,A,T,T,D,L,D,A,D,R,G,K,L,P,G,K,K,L,P,L,E,V,L,K,E,M,E,A,N,A,R,K,A,G,C,T,R,G,C,L,I,C,L,S,K,I,K,C,T,L,K,M,K,K,F,I,P,G,R,C,H,T,Y,E,G,D,K,S,T,G,Q,G,G,I,G,R,A,I,V,D,I,P,E,I,P,G,F,K,D,M,E,P,M,E,Q,F,I,A,Q,V,D,L,C,E,D,C,T,T,G,C,L,K,G,L,A,N,V,Q,C,S,D,L,L,K,K,W,L,P,Q,R,C,A,T,F,A,S,K,I,Q,G,Q,V,D,K,I,K,G,A,G,G,D
KPTENNEDFNIVAVASNFATTDLDADRGKLPGKKLPLEVLKEMEANARKAGCTRGCLICLSKIKCTLKMKKFIPGRCHTYEGDKSTGQGGIGPAIVDIPEIPGFKDMEPMEQFIAQVDLCEDCTTGCLKGLANVQCSDLLKKWLPQRCATFASKIQGQVDKIKGAGGD,3.05267009,K,P,T,E,N,N,E,D,F,N,I,V,A,V,A,S,N,F,A,T,T,D,L,D,A,D,R,G,K,L,P,G,K,K,L,P,L,E,V,L,K,E,M,E,A,N,A,R,K,A,G,C,T,R,G,C,L,I,C,L,S,K,I,K,C,T,L,K,M,K,K,F,I,P,G,R,C,H,T,Y,E,G,D,K,S,T,G,Q,G,G,I,G,P,A,I,V,D,I,P,E,I,P,G,F,K,D,M,E,P,M,E,Q,F,I,A,Q,V,D,L,C,E,D,C,T,T,G,C,L,K,G,L,A,N,V,Q,C,S,D,L,L,K,K,W,L,P,Q,R,C,A,T,F,A,S,K,I,Q,G,Q,V,D,K,I,K,G,A,G,G,D
KPTENNEDFNIVAVASNFATTDLDADRGKLPGKKLPLEVLKEMEANARKAGCTRGCLICLSKIKCTLKMKKFIPGRCHTYEGDKSTGQGGIGKAIVDIPEIPGFKDMEPMEQFIAQVDLCEDCTTGCLKGLANVQCSDLLKKWLPQRCATFASKIQGQVDKIKGAGGD,3.05041212,K,P,T,E,N,N,E,D,F,N,I,V,A,V,A,S,N,F,A,T,T,D,L,D,A,D,R,G,K,L,P,G,K,K,L,P,L,E,V,L,K,E,M,E,A,N,A,R,K,A,G,C,T,R,G,C,L,I,C,L,S,K,I,K,C,T,L,K,M,K,K,F,I,P,G,R,C,H,T,Y,E,G,D,K,S,T,G,Q,G,G,I,G,K,A,I,V,D,I,P,E,I,P,G,F,K,D,M,E,P,M,E,Q,F,I,A,Q,V,D,L,C,E,D,C,T,T,G,C,L,K,G,L,A,N,V,Q,C,S,D,L,L,K,K,W,L,P,Q,R,C,A,T,F,A,S,K,I,Q,G,Q,V,D,K,I,K,G,A,G,G,D
KPTENNEDFNIVAVASNFATTDLDADRGKLPGKKLPLEVLKEMEANARKAGCTRGCLICLSHIKCTPKMKKFIPGRCHTYEGDKESAQGGIGEAIVDIPEIPGFKDLEPMEQFMAQVDLCVDCTTGCLKGLANVQCSDLLKKWLPQRCATFASKIQGQVDKIKGAGGD,2.924527373,K,P,T,E,N,N,E,D,F,N,I,V,A,V,A,S,N,F,A,T,T,D,L,D,A,D,R,G,K,L,P,G,K,K,L,P,L,E,V,L,K,E,M,E,A,N,A,R,K,A,G,C,T,R,G,C,L,I,C,L,S,H,I,K,C,T,P,K,M,K,K,F,I,P,G,R,C,H,T,Y,E,G,D,K,E,S,A,Q,G,G,I,G,E,A,I,V,D,I,P,E,I,P,G,F,K,D,L,E,P,M,E,Q,F,M,A,Q,V,D,L,C,V,D,C,T,T,G,C,L,K,G,L,A,N,V,Q,C,S,D,L,L,K,K,W,L,P,Q,R,C,A,T,F,A,S,K,I,Q,G,Q,V,D,K,I,K,G,A,G,G,D
KPTENNEDFNIVAVASNFATTDLDADRGKLPGKKLPLEVLKEMEANARNAGCTRGCLICLSKIKCTPKMKKFIPGRCHTYEGDKATGQGGIGEAIVDIPEIPGFKDLEPMEQFIAQVDLCEDCTTGCLKGLANVQCSDLLKKWLPQRCATFASKIQGQVDKIKGAGGD,2.923223629,K,P,T,E,N,N,E,D,F,N,I,V,A,V,A,S,N,F,A,T,T,D,L,D,A,D,R,G,K,L,P,G,K,K,L,P,L,E,V,L,K,E,M,E,A,N,A,R,N,A,G,C,T,R,G,C,L,I,C,L,S,K,I,K,C,T,P,K,M,K,K,F,I,P,G,R,C,H,T,Y,E,G,D,K,A,T,G,Q,G,G,I,G,E,A,I,V,D,I,P,E,I,P,G,F,K,D,L,E,P,M,E,Q,F,I,A,Q,V,D,L,C,E,D,C,T,T,G,C,L,K,G,L,A,N,V,Q,C,S,D,L,L,K,K,W,L,P,Q,R,C,A,T,F,A,S,K,I,Q,G,Q,V,D,K,I,K,G,A,G,G,D
KPTENNEDFNIVAVASNFATTDLDADRGKLPGKKLPLEVLKEMEANARKAGCTRGCLICLSKIKCTLKMKKFIPGRCHTYEGDKSTGQGGIGTAIVDIPEIPGFKDMEPMEQFIAQVDLCEDCTTGCLKGLANVQCSDLLKKWLPQRCATFASKIQGQVDKIKGAGGD,2.867034144,K,P,T,E,N,N,E,D,F,N,I,V,A,V,A,S,N,F,A,T,T,D,L,D,A,D,R,G,K,L,P,G,K,K,L,P,L,E,V,L,K,E,M,E,A,N,A,R,K,A,G,C,T,R,G,C,L,I,C,L,S,K,I,K,C,T,L,K,M,K,K,F,I,P,G,R,C,H,T,Y,E,G,D,K,S,T,G,Q,G,G,I,G,T,A,I,V,D,I,P,E,I,P,G,F,K,D,M,E,P,M,E,Q,F,I,A,Q,V,D,L,C,E,D,C,T,T,G,C,L,K,G,L,A,N,V,Q,C,S,D,L,L,K,K,W,L,P,Q,R,C,A,T,F,A,S,K,I,Q,G,Q,V,D,K,I,K,G,A,G,G,D
KPTENNEDFNIVAVASNFATTDLDADRGKLPGKKLPLEVLKEMEANARKAGCTRGCLICLSHIKCTAKMKKFIPGRCHTYEGDKKSGQGGIGAAIVDIPEIPGFKDMEPMEQFIAQVDLCVDCTTGCLKGLANVQCSDLLKKWLPQRCATFASKIQGQVDKIKGAGGD,2.865274262,K,P,T,E,N,N,E,D,F,N,I,V,A,V,A,S,N,F,A,T,T,D,L,D,A,D,R,G,K,L,P,G,K,K,L,P,L,E,V,L,K,E,M,E,A,N,A,R,K,A,G,C,T,R,G,C,L,I,C,L,S,H,I,K,C,T,A,K,M,K,K,F,I,P,G,R,C,H,T,Y,E,G,D,K,K,S,G,Q,G,G,I,G,A,A,I,V,D,I,P,E,I,P,G,F,K,D,M,E,P,M,E,Q,F,I,A,Q,V,D,L,C,V,D,C,T,T,G,C,L,K,G,L,A,N,V,Q,C,S,D,L,L,K,K,W,L,P,Q,R,C,A,T,F,A,S,K,I,Q,G,Q,V,D,K,I,K,G,A,G,G,D
KPTENNEDFSIVAVASNFATTDLDADRGKLPGKKLPLEVLKEMEANARKAGCTRGCLICLSHIKCTPKMKKFIPGRCHTYEGDKESAQGGIGEAIVDIPEIPGFKDLEPMEQFIAQVDLCVDCTTGCLKGLANVQCSDLLKKWLPQRCATFASKIQGQVDKIKGAGGD,2.832295982,K,P,T,E,N,N,E,D,F,S,I,V,A,V,A,S,N,F,A,T,T,D,L,D,A,D,R,G,K,L,P,G,K,K,L,P,L,E,V,L,K,E,M,E,A,N,A,R,K,A,G,C,T,R,G,C,L,I,C,L,S,H,I,K,C,T,P,K,M,K,K,F,I,P,G,R,C,H,T,Y,E,G,D,K,E,S,A,Q,G,G,I,G,E,A,I,V,D,I,P,E,I,P,G,F,K,D,L,E,P,M,E,Q,F,I,A,Q,V,D,L,C,V,D,C,T,T,G,C,L,K,G,L,A,N,V,Q,C,S,D,L,L,K,K,W,L,P,Q,R,C,A,T,F,A,S,K,I,Q,G,Q,V,D,K,I,K,G,A,G,G,D
KPTENNEDFNIVATASNFATTDLDADRGKLPGKKLPLEVLKEMEANARKAGCTRGCLICLSKIKCTLKMKKFIPGRCHTYEGDKSTGQGGIGPAIVDIPEIPGFKDMEPMEQFIAQVDLCEDCTTGCLKGLANVQCSDLLKKWLPQRCATFASKIQGQVDKIKGAGGD,2.795002062,K,P,T,E,N,N,E,D,F,N,I,V,A,T,A,S,N,F,A,T,T,D,L,D,A,D,R,G,K,L,P,G,K,K,L,P,L,E,V,L,K,E,M,E,A,N,A,R,K,A,G,C,T,R,G,C,L,I,C,L,S,K,I,K,C,T,L,K,M,K,K,F,I,P,G,R,C,H,T,Y,E,G,D,K,S,T,G,Q,G,G,I,G,P,A,I,V,D,I,P,E,I,P,G,F,K,D,M,E,P,M,E,Q,F,I,A,Q,V,D,L,C,E,D,C,T,T,G,C,L,K,G,L,A,N,V,Q,C,S,D,L,L,K,K,W,L,P,Q,R,C,A,T,F,A,S,K,I,Q,G,Q,V,D,K,I,K,G,A,G,G,D
KPTENNEDFNIVAVASNFATTDLDADRGKLPGKKLPLEVLKEMEANARRAGCTRGCLICLSKIKCTAKMKKFIPGRCHTYEGDKSSGQGGIGEAIVDIPEIPGFKDMEPMEQFIAQVDLCEDCTTGCLKGLANVQCSDLLKKWLPQRCATFASKIQGQVDKIKGAGGD,2.717181435,K,P,T,E,N,N,E,D,F,N,I,V,A,V,A,S,N,F,A,T,T,D,L,D,A,D,R,G,K,L,P,G,K,K,L,P,L,E,V,L,K,E,M,E,A,N,A,R,R,A,G,C,T,R,G,C,L,I,C,L,S,K,I,K,C,T,A,K,M,K,K,F,I,P,G,R,C,H,T,Y,E,G,D,K,S,S,G,Q,G,G,I,G,E,A,I,V,D,I,P,E,I,P,G,F,K,D,M,E,P,M,E,Q,F,I,A,Q,V,D,L,C,E,D,C,T,T,G,C,L,K,G,L,A,N,V,Q,C,S,D,L,L,K,K,W,L,P,Q,R,C,A,T,F,A,S,K,I,Q,G,Q,V,D,K,I,K,G,A,G,G,D
KPTENNEDFNIDAVASNFATTDLDADRGKLPGKKLPLEVLKEMEANARKAGCTRGCLICLSKIKCTLKMKKFIPGRCHTYEGDKSTGQGGIGPAIVDIPEIPGFKDMEPMEQFIAQVDLCEDCTTGCLKGLANVQCSDLLKKWLPQRCATFASKIQGQVDKIKGAGGD,2.698484991,K,P,T,E,N,N,E,D,F,N,I,D,A,V,A,S,N,F,A,T,T,D,L,D,A,D,R,G,K,L,P,G,K,K,L,P,L,E,V,L,K,E,M,E,A,N,A,R,K,A,G,C,T,R,G,C,L,I,C,L,S,K,I,K,C,T,L,K,M,K,K,F,I,P,G,R,C,H,T,Y,E,G,D,K,S,T,G,Q,G,G,I,G,P,A,I,V,D,I,P,E,I,P,G,F,K,D,M,E,P,M,E,Q,F,I,A,Q,V,D,L,C,E,D,C,T,T,G,C,L,K,G,L,A,N,V,Q,C,S,D,L,L,K,K,W,L,P,Q,R,C,A,T,F,A,S,K,I,Q,G,Q,V,D,K,I,K,G,A,G,G,D
KPTENNEDFNIVAVASNFATTDLDADRGKLPGKKLPLEVLKEMEANARKAGCTRGCLICLSHIKCTPKMKKFIPGRCHHYEGDKESAQGGIGEAIVDIPEIPGFKDLEPMEQFIAQVDLCVDCTTGCLKGLANVQCSDLLKKWLPQRCATFASKIQGQVDKIKGAGGD,2.69272058,K,P,T,E,N,N,E,D,F,N,I,V,A,V,A,S,N,F,A,T,T,D,L,D,A,D,R,G,K,L,P,G,K,K,L,P,L,E,V,L,K,E,M,E,A,N,A,R,K,A,G,C,T,R,G,C,L,I,C,L,S,H,I,K,C,T,P,K,M,K,K,F,I,P,G,R,C,H,H,Y,E,G,D,K,E,S,A,Q,G,G,I,G,E,A,I,V,D,I,P,E,I,P,G,F,K,D,L,E,P,M,E,Q,F,I,A,Q,V,D,L,C,V,D,C,T,T,G,C,L,K,G,L,A,N,V,Q,C,S,D,L,L,K,K,W,L,P,Q,R,C,A,T,F,A,S,K,I,Q,G,Q,V,D,K,I,K,G,A,G,G,D
KPTENNEDFNIVAVASNFATTDLDADRGKLPGKKLPLEVLKEMEANARKAGCTRGCLICLSKIKCTAKMKKFIPGRCHTYEGDKDSGQGGIGAAIVDIPEIPGFKDMEPMEQFIAQVDLCVDCTTGCLKGLANVQCSDLLKKWLPQRCATFASKIQGQVDKIKGAGGD,2.607721519,K,P,T,E,N,N,E,D,F,N,I,V,A,V,A,S,N,F,A,T,T,D,L,D,A,D,R,G,K,L,P,G,K,K,L,P,L,E,V,L,K,E,M,E,A,N,A,R,K,A,G,C,T,R,G,C,L,I,C,L,S,K,I,K,C,T,A,K,M,K,K,F,I,P,G,R,C,H,T,Y,E,G,D,K,D,S,G,Q,G,G,I,G,A,A,I,V,D,I,P,E,I,P,G,F,K,D,M,E,P,M,E,Q,F,I,A,Q,V,D,L,C,V,D,C,T,T,G,C,L,K,G,L,A,N,V,Q,C,S,D,L,L,K,K,W,L,P,Q,R,C,A,T,F,A,S,K,I,Q,G,Q,V,D,K,I,K,G,A,G,G,D
KPTENNEDFNISAVASNFATTDLDADRGKLPGKKLPLEVLKEMEANARKAGCTRGCLICLSHIKCTPKMKKFIPGRCHTYEGDKESAQGGIGEAIVDIPEIPGFKDLEPMEQFIAQVDLCVDCTTGCLKGLANVQCSDLLKKWLPQRCATFASKIQGQVDKIKGAGGD,2.607298807,K,P,T,E,N,N,E,D,F,N,I,S,A,V,A,S,N,F,A,T,T,D,L,D,A,D,R,G,K,L,P,G,K,K,L,P,L,E,V,L,K,E,M,E,A,N,A,R,K,A,G,C,T,R,G,C,L,I,C,L,S,H,I,K,C,T,P,K,M,K,K,F,I,P,G,R,C,H,T,Y,E,G,D,K,E,S,A,Q,G,G,I,G,E,A,I,V,D,I,P,E,I,P,G,F,K,D,L,E,P,M,E,Q,F,I,A,Q,V,D,L,C,V,D,C,T,T,G,C,L,K,G,L,A,N,V,Q,C,S,D,L,L,K,K,W,L,P,Q,R,C,A,T,F,A,S,K,I,Q,G,Q,V,D,K,I,K,G,A,G,G,D
KPTENNEDFNIVAVAVDFATTDLDADRGKLPGKKLPLEVLKEMEANARKAGCTRGCLICLSKIKCTLKMKKFIPGRCHTYEGDKSTGQGGIGPAIVDIPEIPGFKDMEPMEQFIAQVDLCEDCTTGCLKGLANVQCSDLLKKWLPQRCATFASKIQGQVDKIKGAGGD,2.541620935,K,P,T,E,N,N,E,D,F,N,I,V,A,V,A,V,D,F,A,T,T,D,L,D,A,D,R,G,K,L,P,G,K,K,L,P,L,E,V,L,K,E,M,E,A,N,A,R,K,A,G,C,T,R,G,C,L,I,C,L,S,K,I,K,C,T,L,K,M,K,K,F,I,P,G,R,C,H,T,Y,E,G,D,K,S,T,G,Q,G,G,I,G,P,A,I,V,D,I,P,E,I,P,G,F,K,D,M,E,P,M,E,Q,F,I,A,Q,V,D,L,C,E,D,C,T,T,G,C,L,K,G,L,A,N,V,Q,C,S,D,L,L,K,K,W,L,P,Q,R,C,A,T,F,A,S,K,I,Q,G,Q,V,D,K,I,K,G,A,G,G,D
KPTENNEDFSIVAVASNFATTDLDADRGKLPGKKLPLEVLKEMEANARKAGCTRGCLICLSKIKCTLKMKKFIPGRCHTYEGDKSTGQGGIGPAIVDIPEIPGFKDMEPMEQFIAQVDLCEDCTTGCLKGLANVQCSDLLKKWLPQRCATFASKIQGQVDKIKGAGGD,2.528784557,K,P,T,E,N,N,E,D,F,S,I,V,A,V,A,S,N,F,A,T,T,D,L,D,A,D,R,G,K,L,P,G,K,K,L,P,L,E,V,L,K,E,M,E,A,N,A,R,K,A,G,C,T,R,G,C,L,I,C,L,S,K,I,K,C,T,L,K,M,K,K,F,I,P,G,R,C,H,T,Y,E,G,D,K,S,T,G,Q,G,G,I,G,P,A,I,V,D,I,P,E,I,P,G,F,K,D,M,E,P,M,E,Q,F,I,A,Q,V,D,L,C,E,D,C,T,T,G,C,L,K,G,L,A,N,V,Q,C,S,D,L,L,K,K,W,L,P,Q,R,C,A,T,F,A,S,K,I,Q,G,Q,V,D,K,I,K,G,A,G,G,D
KPTENNEDFNIVAVASNFATTDLDADRGKLPGKKLPLEVLKEMEANARNAGCTRGCLICLSHIKCTKKMKKFIPGRCHTYEGDKASGQGGIGEAIVDIPEIPGFKNMEPMEQFIAQVDLCDDCTTGCLKGLANVQCSDLLKKWLPQRCATFASKIQGQVDKIKGAGGD,2.511139241,K,P,T,E,N,N,E,D,F,N,I,V,A,V,A,S,N,F,A,T,T,D,L,D,A,D,R,G,K,L,P,G,K,K,L,P,L,E,V,L,K,E,M,E,A,N,A,R,N,A,G,C,T,R,G,C,L,I,C,L,S,H,I,K,C,T,K,K,M,K,K,F,I,P,G,R,C,H,T,Y,E,G,D,K,A,S,G,Q,G,G,I,G,E,A,I,V,D,I,P,E,I,P,G,F,K,N,M,E,P,M,E,Q,F,I,A,Q,V,D,L,C,D,D,C,T,T,G,C,L,K,G,L,A,N,V,Q,C,S,D,L,L,K,K,W,L,P,Q,R,C,A,T,F,A,S,K,I,Q,G,Q,V,D,K,I,K,G,A,G,G,D
KPTENNEDFNIVAVASNFATTDLDADRGKLPGKKLPLEVLKEMEANARNAGCTRGCLICLSKIKCTAKMKKFIPGRCHTYEGDKDTGQGGIGEAIVDIPEIPGFKDLEPMEQFIAQVDLCDDCTTGCLKGLANVQCSDLLKKWLPQRCATFASKIQGQVDKIKGAGGD,2.504700422,K,P,T,E,N,N,E,D,F,N,I,V,A,V,A,S,N,F,A,T,T,D,L,D,A,D,R,G,K,L,P,G,K,K,L,P,L,E,V,L,K,E,M,E,A,N,A,R,N,A,G,C,T,R,G,C,L,I,C,L,S,K,I,K,C,T,A,K,M,K,K,F,I,P,G,R,C,H,T,Y,E,G,D,K,D,T,G,Q,G,G,I,G,E,A,I,V,D,I,P,E,I,P,G,F,K,D,L,E,P,M,E,Q,F,I,A,Q,V,D,L,C,D,D,C,T,T,G,C,L,K,G,L,A,N,V,Q,C,S,D,L,L,K,K,W,L,P,Q,R,C,A,T,F,A,S,K,I,Q,G,Q,V,D,K,I,K,G,A,G,G,D
KPTENNEDFNIVAVASNFATTDLDADRGKLPGKKLPLEVLKEMEANARKAGCTRGCLICLSRIKCTPKMKKFIPGRCHTYEGDKSTGQGGIGPAIVDIPEIPGFKDMEPMEQFIAQVDLCEDCTTGCLKGLANVQCSDLLKKWLPQRCATFASKIQGQVDKIKGAGGD,2.429778449,K,P,T,E,N,N,E,D,F,N,I,V,A,V,A,S,N,F,A,T,T,D,L,D,A,D,R,G,K,L,P,G,K,K,L,P,L,E,V,L,K,E,M,E,A,N,A,R,K,A,G,C,T,R,G,C,L,I,C,L,S,R,I,K,C,T,P,K,M,K,K,F,I,P,G,R,C,H,T,Y,E,G,D,K,S,T,G,Q,G,G,I,G,P,A,I,V,D,I,P,E,I,P,G,F,K,D,M,E,P,M,E,Q,F,I,A,Q,V,D,L,C,E,D,C,T,T,G,C,L,K,G,L,A,N,V,Q,C,S,D,L,L,K,K,W,L,P,Q,R,C,A,T,F,A,S,K,I,Q,G,Q,V,D,K,I,K,G,A,G,G,D
KPTENNEDFNIVAVASNFATTDLDADRGKLPGKKLPLEVLKEMEANARKAGCTRGCLICLSHIKCTPKMKKFIPGRCHTYEGDKESAQGGIGEAIVDIPEIPGFKDLEPMEQFSAQVDLCVDCTTGCLKGLANVQCSDLLKKWLPQRCATFASKIQGQVDKIKGAGGD,2.424450443,K,P,T,E,N,N,E,D,F,N,I,V,A,V,A,S,N,F,A,T,T,D,L,D,A,D,R,G,K,L,P,G,K,K,L,P,L,E,V,L,K,E,M,E,A,N,A,R,K,A,G,C,T,R,G,C,L,I,C,L,S,H,I,K,C,T,P,K,M,K,K,F,I,P,G,R,C,H,T,Y,E,G,D,K,E,S,A,Q,G,G,I,G,E,A,I,V,D,I,P,E,I,P,G,F,K,D,L,E,P,M,E,Q,F,S,A,Q,V,D,L,C,V,D,C,T,T,G,C,L,K,G,L,A,N,V,Q,C,S,D,L,L,K,K,W,L,P,Q,R,C,A,T,F,A,S,K,I,Q,G,Q,V,D,K,I,K,G,A,G,G,D
KPTENNEDFNIVAVASNFATTDLDADRGKLPGKKLPLEVLKEMEANARKAGCTRGCLICLSHIKCTKKMKKFIPGRCHTYEGDKATGQGGIGPAIVDIPEIPGFKDLEPMEQFIAQVDLCVDCTTGCLKGLANVQCSDLLKKWLPQRCATFASKIQGQVDKIKGAGGD,2.401679325,K,P,T,E,N,N,E,D,F,N,I,V,A,V,A,S,N,F,A,T,T,D,L,D,A,D,R,G,K,L,P,G,K,K,L,P,L,E,V,L,K,E,M,E,A,N,A,R,K,A,G,C,T,R,G,C,L,I,C,L,S,H,I,K,C,T,K,K,M,K,K,F,I,P,G,R,C,H,T,Y,E,G,D,K,A,T,G,Q,G,G,I,G,P,A,I,V,D,I,P,E,I,P,G,F,K,D,L,E,P,M,E,Q,F,I,A,Q,V,D,L,C,V,D,C,T,T,G,C,L,K,G,L,A,N,V,Q,C,S,D,L,L,K,K,W,L,P,Q,R,C,A,T,F,A,S,K,I,Q,G,Q,V,D,K,I,K,G,A,G,G,D
KPTENNEDFNIVAVASNFATTDLDADRGKLPGKKLPLEVLKEMEANARKAGCTRGCLICLSHIKCTPKMKKFIPGRCHTYEGDKESLQGGIGEAIVDIPEIPGFKDLEPMEQFIAQVDLCVDCTTGCLKGLANVQCSDLLKKWLPQRCATFASKIQGQVDKIKGAGGD,2.397060175,K,P,T,E,N,N,E,D,F,N,I,V,A,V,A,S,N,F,A,T,T,D,L,D,A,D,R,G,K,L,P,G,K,K,L,P,L,E,V,L,K,E,M,E,A,N,A,R,K,A,G,C,T,R,G,C,L,I,C,L,S,H,I,K,C,T,P,K,M,K,K,F,I,P,G,R,C,H,T,Y,E,G,D,K,E,S,L,Q,G,G,I,G,E,A,I,V,D,I,P,E,I,P,G,F,K,D,L,E,P,M,E,Q,F,I,A,Q,V,D,L,C,V,D,C,T,T,G,C,L,K,G,L,A,N,V,Q,C,S,D,L,L,K,K,W,L,P,Q,R,C,A,T,F,A,S,K,I,Q,G,Q,V,D,K,I,K,G,A,G,G,D
KPTENNEDFNIVAEASNFATTDLDADRGKLPGKKLPLEVLKEMEANARKAGCTRGCLICLSKIKCTLKMKKFIPGRCHTYEGDKSTGQGGIGPAIVDIPEIPGFKDMEPMEQFIAQVDLCEDCTTGCLKGLANVQCSDLLKKWLPQRCATFASKIQGQVDKIKGAGGD,2.38711822,K,P,T,E,N,N,E,D,F,N,I,V,A,E,A,S,N,F,A,T,T,D,L,D,A,D,R,G,K,L,P,G,K,K,L,P,L,E,V,L,K,E,M,E,A,N,A,R,K,A,G,C,T,R,G,C,L,I,C,L,S,K,I,K,C,T,L,K,M,K,K,F,I,P,G,R,C,H,T,Y,E,G,D,K,S,T,G,Q,G,G,I,G,P,A,I,V,D,I,P,E,I,P,G,F,K,D,M,E,P,M,E,Q,F,I,A,Q,V,D,L,C,E,D,C,T,T,G,C,L,K,G,L,A,N,V,Q,C,S,D,L,L,K,K,W,L,P,Q,R,C,A,T,F,A,S,K,I,Q,G,Q,V,D,K,I,K,G,A,G,G,D
KPTENNEDFNIVAVASNFATTDLDADRGKLPGKKLPLEVLKEMEANARKAGCTRGCLICLSHIKCTPKMKKFIPGRCHTYEGDKSTGQGGIGRAIVDIPEIPGFKDMEPMEQFIAQVDLCEDCTTGCLKGLANVQCSDLLKKWLPQRCATFASKIQGQVDKIKGAGGD,2.35028331,K,P,T,E,N,N,E,D,F,N,I,V,A,V,A,S,N,F,A,T,T,D,L,D,A,D,R,G,K,L,P,G,K,K,L,P,L,E,V,L,K,E,M,E,A,N,A,R,K,A,G,C,T,R,G,C,L,I,C,L,S,H,I,K,C,T,P,K,M,K,K,F,I,P,G,R,C,H,T,Y,E,G,D,K,S,T,G,Q,G,G,I,G,R,A,I,V,D,I,P,E,I,P,G,F,K,D,M,E,P,M,E,Q,F,I,A,Q,V,D,L,C,E,D,C,T,T,G,C,L,K,G,L,A,N,V,Q,C,S,D,L,L,K,K,W,L,P,Q,R,C,A,T,F,A,S,K,I,Q,G,Q,V,D,K,I,K,G,A,G,G,D
KPTENNEDFNIVAVASNFATTDLDADRGKLPGKKLPLEVLKEMEANARKAGCTRGCLICLSHIKCTKKMKKFIPGRCHTYEGDKATAQGGIGPAIVDIPEIPGFKNMEPMEQFIAQVDLCDDCTTGCLKGLANVQCSDLLKKWLPQRCATFASKIQGQVDKIKGAGGD,2.305097046,K,P,T,E,N,N,E,D,F,N,I,V,A,V,A,S,N,F,A,T,T,D,L,D,A,D,R,G,K,L,P,G,K,K,L,P,L,E,V,L,K,E,M,E,A,N,A,R,K,A,G,C,T,R,G,C,L,I,C,L,S,H,I,K,C,T,K,K,M,K,K,F,I,P,G,R,C,H,T,Y,E,G,D,K,A,T,A,Q,G,G,I,G,P,A,I,V,D,I,P,E,I,P,G,F,K,N,M,E,P,M,E,Q,F,I,A,Q,V,D,L,C,D,D,C,T,T,G,C,L,K,G,L,A,N,V,Q,C,S,D,L,L,K,K,W,L,P,Q,R,C,A,T,F,A,S,K,I,Q,G,Q,V,D,K,I,K,G,A,G,G,D
KPTENNEDFNIVAVASNFATTDLDADRGKLPGKKLPLEVLKEMEANARKAGCTRGCLICLSHIKCTPKMKKFIPGRCHRYEGDKESAQGGIGEAIVDIPEIPGFKDLEPMEQFIAQVDLCVDCTTGCLKGLANVQCSDLLKKWLPQRCATFASKIQGQVDKIKGAGGD,2.280479233,K,P,T,E,N,N,E,D,F,N,I,V,A,V,A,S,N,F,A,T,T,D,L,D,A,D,R,G,K,L,P,G,K,K,L,P,L,E,V,L,K,E,M,E,A,N,A,R,K,A,G,C,T,R,G,C,L,I,C,L,S,H,I,K,C,T,P,K,M,K,K,F,I,P,G,R,C,H,R,Y,E,G,D,K,E,S,A,Q,G,G,I,G,E,A,I,V,D,I,P,E,I,P,G,F,K,D,L,E,P,M,E,Q,F,I,A,Q,V,D,L,C,V,D,C,T,T,G,C,L,K,G,L,A,N,V,Q,C,S,D,L,L,K,K,W,L,P,Q,R,C,A,T,F,A,S,K,I,Q,G,Q,V,D,K,I,K,G,A,G,G,D
KPTENNEDFNIVAVASNFATTDLDADRGKLPGKKLPLEVLKEMEANARNAGCTRGCLICLSKIKCTLKMKKFIPGRCHTYEGDKSTGQGGIGPAIVDIPEIPGFKDMEPMEQFIAQVDLCDDCTTGCLKGLANVQCSDLLKKWLPQRCATFASKIQGQVDKIKGAGGD,2.260025316,K,P,T,E,N,N,E,D,F,N,I,V,A,V,A,S,N,F,A,T,T,D,L,D,A,D,R,G,K,L,P,G,K,K,L,P,L,E,V,L,K,E,M,E,A,N,A,R,N,A,G,C,T,R,G,C,L,I,C,L,S,K,I,K,C,T,L,K,M,K,K,F,I,P,G,R,C,H,T,Y,E,G,D,K,S,T,G,Q,G,G,I,G,P,A,I,V,D,I,P,E,I,P,G,F,K,D,M,E,P,M,E,Q,F,I,A,Q,V,D,L,C,D,D,C,T,T,G,C,L,K,G,L,A,N,V,Q,C,S,D,L,L,K,K,W,L,P,Q,R,C,A,T,F,A,S,K,I,Q,G,Q,V,D,K,I,K,G,A,G,G,D
KPTENNEDFNIEAVASNFATTDLDADRGKLPGKKLPLEVLKEMEANARKAGCTRGCLICLSKIKCTLKMKKFIPGRCHTYEGDKSTGQGGIGPAIVDIPEIPGFKDMEPMEQFIAQVDLCEDCTTGCLKGLANVQCSDLLKKWLPQRCATFASKIQGQVDKIKGAGGD,2.24059745,K,P,T,E,N,N,E,D,F,N,I,E,A,V,A,S,N,F,A,T,T,D,L,D,A,D,R,G,K,L,P,G,K,K,L,P,L,E,V,L,K,E,M,E,A,N,A,R,K,A,G,C,T,R,G,C,L,I,C,L,S,K,I,K,C,T,L,K,M,K,K,F,I,P,G,R,C,H,T,Y,E,G,D,K,S,T,G,Q,G,G,I,G,P,A,I,V,D,I,P,E,I,P,G,F,K,D,M,E,P,M,E,Q,F,I,A,Q,V,D,L,C,E,D,C,T,T,G,C,L,K,G,L,A,N,V,Q,C,S,D,L,L,K,K,W,L,P,Q,R,C,A,T,F,A,S,K,I,Q,G,Q,V,D,K,I,K,G,A,G,G,D
KPTENNEDFNIVAVASNFATTDLDADRGKLPGKKLPLEVLKEMEANARKAGCTRGCLICLSHIKCTPKMKKFIPGRCHKYEGDKESAQGGIGEAIVDIPEIPGFKDLEPMEQFIAQVDLCVDCTTGCLKGLANVQCSDLLKKWLPQRCATFASKIQGQVDKIKGAGGD,2.225241868,K,P,T,E,N,N,E,D,F,N,I,V,A,V,A,S,N,F,A,T,T,D,L,D,A,D,R,G,K,L,P,G,K,K,L,P,L,E,V,L,K,E,M,E,A,N,A,R,K,A,G,C,T,R,G,C,L,I,C,L,S,H,I,K,C,T,P,K,M,K,K,F,I,P,G,R,C,H,K,Y,E,G,D,K,E,S,A,Q,G,G,I,G,E,A,I,V,D,I,P,E,I,P,G,F,K,D,L,E,P,M,E,Q,F,I,A,Q,V,D,L,C,V,D,C,T,T,G,C,L,K,G,L,A,N,V,Q,C,S,D,L,L,K,K,W,L,P,Q,R,C,A,T,F,A,S,K,I,Q,G,Q,V,D,K,I,K,G,A,G,G,D
KPTENNEDFNIVAVASNFATTDLDADRGKLPGKKLPLEVLKEMEANARKAGCTRGCLICLSHIKCTPKMKKFIPGRCCTYEGDKESAQGGIGEAIVDIPEIPGFKDLEPMEQFIAQVDLCVDCTTGCLKGLANVQCSDLLKKWLPQRCATFASKIQGQVDKIKGAGGD,2.168953723,K,P,T,E,N,N,E,D,F,N,I,V,A,V,A,S,N,F,A,T,T,D,L,D,A,D,R,G,K,L,P,G,K,K,L,P,L,E,V,L,K,E,M,E,A,N,A,R,K,A,G,C,T,R,G,C,L,I,C,L,S,H,I,K,C,T,P,K,M,K,K,F,I,P,G,R,C,C,T,Y,E,G,D,K,E,S,A,Q,G,G,I,G,E,A,I,V,D,I,P,E,I,P,G,F,K,D,L,E,P,M,E,Q,F,I,A,Q,V,D,L,C,V,D,C,T,T,G,C,L,K,G,L,A,N,V,Q,C,S,D,L,L,K,K,W,L,P,Q,R,C,A,T,F,A,S,K,I,Q,G,Q,V,D,K,I,K,G,A,G,G,D
KPTENNEDFNIVAVASNFATTDLDADRGKLPGKKLPLEVLKEMEANARKAGCTRGCLICLSKIKCTPKMKKFIPGRCHTYEGDKKTGQGGIGEAIVDIPEIPGFKDMEPMEQFIAQVDLCDDCTTGCLKGLANVQCSDLLKKWLPQRCATFASKIQGQVDKIKGAGGD,2.150565401,K,P,T,E,N,N,E,D,F,N,I,V,A,V,A,S,N,F,A,T,T,D,L,D,A,D,R,G,K,L,P,G,K,K,L,P,L,E,V,L,K,E,M,E,A,N,A,R,K,A,G,C,T,R,G,C,L,I,C,L,S,K,I,K,C,T,P,K,M,K,K,F,I,P,G,R,C,H,T,Y,E,G,D,K,K,T,G,Q,G,G,I,G,E,A,I,V,D,I,P,E,I,P,G,F,K,D,M,E,P,M,E,Q,F,I,A,Q,V,D,L,C,D,D,C,T,T,G,C,L,K,G,L,A,N,V,Q,C,S,D,L,L,K,K,W,L,P,Q,R,C,A,T,F,A,S,K,I,Q,G,Q,V,D,K,I,K,G,A,G,G,D
KPTENNEDFNIVAVASNFATTDLDADRGKLPGKKLPLEVLKEMEANARKAGCTRGCLICLSKIKCTLKMKKFIPGRCHTYEGDKDIGQGGIGEAIVDIPEIPGFKDMEPMEQFIAQVDLCVDCTTGCLKGLANVQCSDLLKKWLPQRCATFASKIQGQVDKIKGAGGD,2.137687764,K,P,T,E,N,N,E,D,F,N,I,V,A,V,A,S,N,F,A,T,T,D,L,D,A,D,R,G,K,L,P,G,K,K,L,P,L,E,V,L,K,E,M,E,A,N,A,R,K,A,G,C,T,R,G,C,L,I,C,L,S,K,I,K,C,T,L,K,M,K,K,F,I,P,G,R,C,H,T,Y,E,G,D,K,D,I,G,Q,G,G,I,G,E,A,I,V,D,I,P,E,I,P,G,F,K,D,M,E,P,M,E,Q,F,I,A,Q,V,D,L,C,V,D,C,T,T,G,C,L,K,G,L,A,N,V,Q,C,S,D,L,L,K,K,W,L,P,Q,R,C,A,T,F,A,S,K,I,Q,G,Q,V,D,K,I,K,G,A,G,G,D
KPTENNEDFNIVAVASNFATTDLDADRGKLPGKKLPLEVLKEMEANARKAGCTRGCLICLSHIKCTPKMKKFIPGRCHTYEGDKESAQGGIGEAIVDIPEIPGFKDLEPMEQFRAQVDLCVDCTTGCLKGLANVQCSDLLKKWLPQRCATFASKIQGQVDKIKGAGGD,2.114555321,K,P,T,E,N,N,E,D,F,N,I,V,A,V,A,S,N,F,A,T,T,D,L,D,A,D,R,G,K,L,P,G,K,K,L,P,L,E,V,L,K,E,M,E,A,N,A,R,K,A,G,C,T,R,G,C,L,I,C,L,S,H,I,K,C,T,P,K,M,K,K,F,I,P,G,R,C,H,T,Y,E,G,D,K,E,S,A,Q,G,G,I,G,E,A,I,V,D,I,P,E,I,P,G,F,K,D,L,E,P,M,E,Q,F,R,A,Q,V,D,L,C,V,D,C,T,T,G,C,L,K,G,L,A,N,V,Q,C,S,D,L,L,K,K,W,L,P,Q,R,C,A,T,F,A,S,K,I,Q,G,Q,V,D,K,I,K,G,A,G,G,D
KPTENNEDFNIVAVASNFATTDLDADRGKLPGKKLPLEVLKEMEANARKAGCTRGCLICLSKIKCTLKMKKFIPGRCHTYEGDKSTGQGGIGLAIVDIPEIPGFKDMEPMEQFIAQVDLCEDCTTGCLKGLANVQCSDLLKKWLPQRCATFASKIQGQVDKIKGAGGD,2.111364136,K,P,T,E,N,N,E,D,F,N,I,V,A,V,A,S,N,F,A,T,T,D,L,D,A,D,R,G,K,L,P,G,K,K,L,P,L,E,V,L,K,E,M,E,A,N,A,R,K,A,G,C,T,R,G,C,L,I,C,L,S,K,I,K,C,T,L,K,M,K,K,F,I,P,G,R,C,H,T,Y,E,G,D,K,S,T,G,Q,G,G,I,G,L,A,I,V,D,I,P,E,I,P,G,F,K,D,M,E,P,M,E,Q,F,I,A,Q,V,D,L,C,E,D,C,T,T,G,C,L,K,G,L,A,N,V,Q,C,S,D,L,L,K,K,W,L,P,Q,R,C,A,T,F,A,S,K,I,Q,G,Q,V,D,K,I,K,G,A,G,G,D
KPTENNEDFNIVAVASNFATTDLDADRGKLPGKKLPLEVLKEMEANARKAGCTRGCLICLSHIKCTLKMKKFIPGRCHTYEGDKSTGQGGIGPAIVDIPEIPGFKDMEPMEQFIAQVDLCVDCTTGCLKGLANVQCSDLLKKWLPQRCATFASKIQGQVDKIKGAGGD,2.092616034,K,P,T,E,N,N,E,D,F,N,I,V,A,V,A,S,N,F,A,T,T,D,L,D,A,D,R,G,K,L,P,G,K,K,L,P,L,E,V,L,K,E,M,E,A,N,A,R,K,A,G,C,T,R,G,C,L,I,C,L,S,H,I,K,C,T,L,K,M,K,K,F,I,P,G,R,C,H,T,Y,E,G,D,K,S,T,G,Q,G,G,I,G,P,A,I,V,D,I,P,E,I,P,G,F,K,D,M,E,P,M,E,Q,F,I,A,Q,V,D,L,C,V,D,C,T,T,G,C,L,K,G,L,A,N,V,Q,C,S,D,L,L,K,K,W,L,P,Q,R,C,A,T,F,A,S,K,I,Q,G,Q,V,D,K,I,K,G,A,G,G,D
KPTENNEDFNIIAVASNFATTDLDADRGKLPGKKLPLEVLKEMEANARKAGCTRGCLICLSHIKCTPKMKKFIPGRCHTYEGDKESAQGGIGEAIVDIPEIPGFKDLEPMEQFIAQVDLCVDCTTGCLKGLANVQCSDLLKKWLPQRCATFASKIQGQVDKIKGAGGD,2.092165036,K,P,T,E,N,N,E,D,F,N,I,I,A,V,A,S,N,F,A,T,T,D,L,D,A,D,R,G,K,L,P,G,K,K,L,P,L,E,V,L,K,E,M,E,A,N,A,R,K,A,G,C,T,R,G,C,L,I,C,L,S,H,I,K,C,T,P,K,M,K,K,F,I,P,G,R,C,H,T,Y,E,G,D,K,E,S,A,Q,G,G,I,G,E,A,I,V,D,I,P,E,I,P,G,F,K,D,L,E,P,M,E,Q,F,I,A,Q,V,D,L,C,V,D,C,T,T,G,C,L,K,G,L,A,N,V,Q,C,S,D,L,L,K,K,W,L,P,Q,R,C,A,T,F,A,S,K,I,Q,G,Q,V,D,K,I,K,G,A,G,G,D
KPTENNEDFNIVAVASNFATTDLDADRGKLPGKKLPLEVLKEMEANARRAGCTRGCLICLSHIKCTAKMKKFIPGRCHTYEGDKATGQGGIGPAIVDIPEIPGFKDMEPMEQFIAQVDLCEDCTTGCLKGLANVQCSDLLKKWLPQRCATFASKIQGQVDKIKGAGGD,2.053983122,K,P,T,E,N,N,E,D,F,N,I,V,A,V,A,S,N,F,A,T,T,D,L,D,A,D,R,G,K,L,P,G,K,K,L,P,L,E,V,L,K,E,M,E,A,N,A,R,R,A,G,C,T,R,G,C,L,I,C,L,S,H,I,K,C,T,A,K,M,K,K,F,I,P,G,R,C,H,T,Y,E,G,D,K,A,T,G,Q,G,G,I,G,P,A,I,V,D,I,P,E,I,P,G,F,K,D,M,E,P,M,E,Q,F,I,A,Q,V,D,L,C,E,D,C,T,T,G,C,L,K,G,L,A,N,V,Q,C,S,D,L,L,K,K,W,L,P,Q,R,C,A,T,F,A,S,K,I,Q,G,Q,V,D,K,I,K,G,A,G,G,D
KPTENNEDFNIVAVASNFATTDLDADRGKLPGKKLPLEVLKEMEANARKAGCTRGCLICLSHIKCTPKMKKFIPGRCATYEGDKESAQGGIGEAIVDIPEIPGFKDLEPMEQFIAQVDLCVDCTTGCLKGLANVQCSDLLKKWLPQRCATFASKIQGQVDKIKGAGGD,2.019723323,K,P,T,E,N,N,E,D,F,N,I,V,A,V,A,S,N,F,A,T,T,D,L,D,A,D,R,G,K,L,P,G,K,K,L,P,L,E,V,L,K,E,M,E,A,N,A,R,K,A,G,C,T,R,G,C,L,I,C,L,S,H,I,K,C,T,P,K,M,K,K,F,I,P,G,R,C,A,T,Y,E,G,D,K,E,S,A,Q,G,G,I,G,E,A,I,V,D,I,P,E,I,P,G,F,K,D,L,E,P,M,E,Q,F,I,A,Q,V,D,L,C,V,D,C,T,T,G,C,L,K,G,L,A,N,V,Q,C,S,D,L,L,K,K,W,L,P,Q,R,C,A,T,F,A,S,K,I,Q,G,Q,V,D,K,I,K,G,A,G,G,D
KPTENNEDFNIVAVASNFATTDLDADRGKLPGKKLPLEVLKEMEANARNAGCTRGCLICLSHIKCTVKMKKFIPGRCHTYEGDKNTGQGGIGAAIVDIPEIPGFKDMEPMEQFIAQVDLCDDCTTGCLKGLANVQCSDLLKKWLPQRCATFASKIQGQVDKIKGAGGD,2.008911392,K,P,T,E,N,N,E,D,F,N,I,V,A,V,A,S,N,F,A,T,T,D,L,D,A,D,R,G,K,L,P,G,K,K,L,P,L,E,V,L,K,E,M,E,A,N,A,R,N,A,G,C,T,R,G,C,L,I,C,L,S,H,I,K,C,T,V,K,M,K,K,F,I,P,G,R,C,H,T,Y,E,G,D,K,N,T,G,Q,G,G,I,G,A,A,I,V,D,I,P,E,I,P,G,F,K,D,M,E,P,M,E,Q,F,I,A,Q,V,D,L,C,D,D,C,T,T,G,C,L,K,G,L,A,N,V,Q,C,S,D,L,L,K,K,W,L,P,Q,R,C,A,T,F,A,S,K,I,Q,G,Q,V,D,K,I,K,G,A,G,G,D
KPTENNEDFNIVAVASNFATTDLDADRGKLPGKKLPLEVLKEMEANARKAGCTRGCLICLSHIKCTPKMKKFIPGRCRTYEGDKESAQGGIGEAIVDIPEIPGFKDLEPMEQFIAQVDLCVDCTTGCLKGLANVQCSDLLKKWLPQRCATFASKIQGQVDKIKGAGGD,1.943021961,K,P,T,E,N,N,E,D,F,N,I,V,A,V,A,S,N,F,A,T,T,D,L,D,A,D,R,G,K,L,P,G,K,K,L,P,L,E,V,L,K,E,M,E,A,N,A,R,K,A,G,C,T,R,G,C,L,I,C,L,S,H,I,K,C,T,P,K,M,K,K,F,I,P,G,R,C,R,T,Y,E,G,D,K,E,S,A,Q,G,G,I,G,E,A,I,V,D,I,P,E,I,P,G,F,K,D,L,E,P,M,E,Q,F,I,A,Q,V,D,L,C,V,D,C,T,T,G,C,L,K,G,L,A,N,V,Q,C,S,D,L,L,K,K,W,L,P,Q,R,C,A,T,F,A,S,K,I,Q,G,Q,V,D,K,I,K,G,A,G,G,D
KPTENNEDFNILAVASNFATTDLDADRGKLPGKKLPLEVLKEMEANARKAGCTRGCLICLSKIKCTLKMKKFIPGRCHTYEGDKSTGQGGIGPAIVDIPEIPGFKDMEPMEQFIAQVDLCEDCTTGCLKGLANVQCSDLLKKWLPQRCATFASKIQGQVDKIKGAGGD,1.931450138,K,P,T,E,N,N,E,D,F,N,I,L,A,V,A,S,N,F,A,T,T,D,L,D,A,D,R,G,K,L,P,G,K,K,L,P,L,E,V,L,K,E,M,E,A,N,A,R,K,A,G,C,T,R,G,C,L,I,C,L,S,K,I,K,C,T,L,K,M,K,K,F,I,P,G,R,C,H,T,Y,E,G,D,K,S,T,G,Q,G,G,I,G,P,A,I,V,D,I,P,E,I,P,G,F,K,D,M,E,P,M,E,Q,F,I,A,Q,V,D,L,C,E,D,C,T,T,G,C,L,K,G,L,A,N,V,Q,C,S,D,L,L,K,K,W,L,P,Q,R,C,A,T,F,A,S,K,I,Q,G,Q,V,D,K,I,K,G,A,G,G,D
KPTENNEDFNIVAVASNFATTDLDADRGKLPGKKLPLEVLKEMEANARKAGCTRGCLICLSKIKCTLKMKKFIPGRCHTYEGDKETGQGGIGAAIVDIPEIPGFKDLEPMEQFIAQVDLCVDCTTGCLKGLANVQCSDLLKKWLPQRCATFASKIQGQVDKIKGAGGD,1.921,K,P,T,E,N,N,E,D,F,N,I,V,A,V,A,S,N,F,A,T,T,D,L,D,A,D,R,G,K,L,P,G,K,K,L,P,L,E,V,L,K,E,M,E,A,N,A,R,K,A,G,C,T,R,G,C,L,I,C,L,S,K,I,K,C,T,L,K,M,K,K,F,I,P,G,R,C,H,T,Y,E,G,D,K,E,T,G,Q,G,G,I,G,A,A,I,V,D,I,P,E,I,P,G,F,K,D,L,E,P,M,E,Q,F,I,A,Q,V,D,L,C,V,D,C,T,T,G,C,L,K,G,L,A,N,V,Q,C,S,D,L,L,K,K,W,L,P,Q,R,C,A,T,F,A,S,K,I,Q,G,Q,V,D,K,I,K,G,A,G,G,D
KPTENNEDFNIVAVASKFATTDLDADRGKLPGKKLPLEVLKEMEANARKAGCTRGCLICLSKIKCTLKMKKFIPGRCHTYEGDKSTGQGGIGPAIVDIPEIPGFKDMEPMEQFIAQVDLCEDCTTGCLKGLANVQCSDLLKKWLPQRCATFASKIQGQVDKIKGAGGD,1.861037551,K,P,T,E,N,N,E,D,F,N,I,V,A,V,A,S,K,F,A,T,T,D,L,D,A,D,R,G,K,L,P,G,K,K,L,P,L,E,V,L,K,E,M,E,A,N,A,R,K,A,G,C,T,R,G,C,L,I,C,L,S,K,I,K,C,T,L,K,M,K,K,F,I,P,G,R,C,H,T,Y,E,G,D,K,S,T,G,Q,G,G,I,G,P,A,I,V,D,I,P,E,I,P,G,F,K,D,M,E,P,M,E,Q,F,I,A,Q,V,D,L,C,E,D,C,T,T,G,C,L,K,G,L,A,N,V,Q,C,S,D,L,L,K,K,W,L,P,Q,R,C,A,T,F,A,S,K,I,Q,G,Q,V,D,K,I,K,G,A,G,G,D
KPTENNEDFNIKAVASNFATTDLDADRGKLPGKKLPLEVLKEMEANARKAGCTRGCLICLSHIKCTPKMKKFIPGRCHTYEGDKESAQGGIGEAIVDIPEIPGFKDLEPMEQFIAQVDLCVDCTTGCLKGLANVQCSDLLKKWLPQRCATFASKIQGQVDKIKGAGGD,1.845445499,K,P,T,E,N,N,E,D,F,N,I,K,A,V,A,S,N,F,A,T,T,D,L,D,A,D,R,G,K,L,P,G,K,K,L,P,L,E,V,L,K,E,M,E,A,N,A,R,K,A,G,C,T,R,G,C,L,I,C,L,S,H,I,K,C,T,P,K,M,K,K,F,I,P,G,R,C,H,T,Y,E,G,D,K,E,S,A,Q,G,G,I,G,E,A,I,V,D,I,P,E,I,P,G,F,K,D,L,E,P,M,E,Q,F,I,A,Q,V,D,L,C,V,D,C,T,T,G,C,L,K,G,L,A,N,V,Q,C,S,D,L,L,K,K,W,L,P,Q,R,C,A,T,F,A,S,K,I,Q,G,Q,V,D,K,I,K,G,A,G,G,D
KPTENNEDFNIVAVASNFATTDLDADRGKLPGKKLPLEVLKEMEANARKAGCTRGCLICLSHIKCTPKMKKFIPGRCHTYEGDKESAQAGIGEAIVDIPEIPGFKDLEPMEQFIAQVDLCVDCTTGCLKGLANVQCSDLLKKWLPQRCATFASKIQGQVDKIKGAGGD,1.833117124,K,P,T,E,N,N,E,D,F,N,I,V,A,V,A,S,N,F,A,T,T,D,L,D,A,D,R,G,K,L,P,G,K,K,L,P,L,E,V,L,K,E,M,E,A,N,A,R,K,A,G,C,T,R,G,C,L,I,C,L,S,H,I,K,C,T,P,K,M,K,K,F,I,P,G,R,C,H,T,Y,E,G,D,K,E,S,A,Q,A,G,I,G,E,A,I,V,D,I,P,E,I,P,G,F,K,D,L,E,P,M,E,Q,F,I,A,Q,V,D,L,C,V,D,C,T,T,G,C,L,K,G,L,A,N,V,Q,C,S,D,L,L,K,K,W,L,P,Q,R,C,A,T,F,A,S,K,I,Q,G,Q,V,D,K,I,K,G,A,G,G,D
KPTENNEDFNIVAVASNFATTDLDADRGKLPGKKLPLEVLKEMEANARKAGCTRGCLICLSHIKCTPKMKKFIPGRCHPYEGDKESAQGGIGEAIVDIPEIPGFKDLEPMEQFIAQVDLCVDCTTGCLKGLANVQCSDLLKKWLPQRCATFASKIQGQVDKIKGAGGD,1.767542524,K,P,T,E,N,N,E,D,F,N,I,V,A,V,A,S,N,F,A,T,T,D,L,D,A,D,R,G,K,L,P,G,K,K,L,P,L,E,V,L,K,E,M,E,A,N,A,R,K,A,G,C,T,R,G,C,L,I,C,L,S,H,I,K,C,T,P,K,M,K,K,F,I,P,G,R,C,H,P,Y,E,G,D,K,E,S,A,Q,G,G,I,G,E,A,I,V,D,I,P,E,I,P,G,F,K,D,L,E,P,M,E,Q,F,I,A,Q,V,D,L,C,V,D,C,T,T,G,C,L,K,G,L,A,N,V,Q,C,S,D,L,L,K,K,W,L,P,Q,R,C,A,T,F,A,S,K,I,Q,G,Q,V,D,K,I,K,G,A,G,G,D
KPTENNEDFNIVAVASNFATTDLDADRGKLPGKKLPLEVLKEMEANARKAGCTRGCLICLSHIKCTPKMKKFIPGRCHTYEGDKESAQPGIGEAIVDIPEIPGFKDLEPMEQFIAQVDLCVDCTTGCLKGLANVQCSDLLKKWLPQRCATFASKIQGQVDKIKGAGGD,1.73928262,K,P,T,E,N,N,E,D,F,N,I,V,A,V,A,S,N,F,A,T,T,D,L,D,A,D,R,G,K,L,P,G,K,K,L,P,L,E,V,L,K,E,M,E,A,N,A,R,K,A,G,C,T,R,G,C,L,I,C,L,S,H,I,K,C,T,P,K,M,K,K,F,I,P,G,R,C,H,T,Y,E,G,D,K,E,S,A,Q,P,G,I,G,E,A,I,V,D,I,P,E,I,P,G,F,K,D,L,E,P,M,E,Q,F,I,A,Q,V,D,L,C,V,D,C,T,T,G,C,L,K,G,L,A,N,V,Q,C,S,D,L,L,K,K,W,L,P,Q,R,C,A,T,F,A,S,K,I,Q,G,Q,V,D,K,I,K,G,A,G,G,D
KPTENNEDFNIVAVASNFATTDLDADRGKLPGKKLPLEVLKEMEANARKAGCTRGCLICLSHIKCTPKMKKFIPGRCHTYEGDKESAQHGIGEAIVDIPEIPGFKDLEPMEQFIAQVDLCVDCTTGCLKGLANVQCSDLLKKWLPQRCATFASKIQGQVDKIKGAGGD,1.736266682,K,P,T,E,N,N,E,D,F,N,I,V,A,V,A,S,N,F,A,T,T,D,L,D,A,D,R,G,K,L,P,G,K,K,L,P,L,E,V,L,K,E,M,E,A,N,A,R,K,A,G,C,T,R,G,C,L,I,C,L,S,H,I,K,C,T,P,K,M,K,K,F,I,P,G,R,C,H,T,Y,E,G,D,K,E,S,A,Q,H,G,I,G,E,A,I,V,D,I,P,E,I,P,G,F,K,D,L,E,P,M,E,Q,F,I,A,Q,V,D,L,C,V,D,C,T,T,G,C,L,K,G,L,A,N,V,Q,C,S,D,L,L,K,K,W,L,P,Q,R,C,A,T,F,A,S,K,I,Q,G,Q,V,D,K,I,K,G,A,G,G,D
KPTENNEDFNIVAVASNFATTDLDADRGKLPGKKLPLEVLKEMEANARNAGCTRGCLICLSHIKCTAKMKKFIPGRCHTYEGDKSTAQGGIGAAIVDIPEIPGFKDMEPMEQFIAQVDLCEDCTTGCLKGLANVQCSDLLKKWLPQRCATFASKIQGQVDKIKGAGGD,1.699848101,K,P,T,E,N,N,E,D,F,N,I,V,A,V,A,S,N,F,A,T,T,D,L,D,A,D,R,G,K,L,P,G,K,K,L,P,L,E,V,L,K,E,M,E,A,N,A,R,N,A,G,C,T,R,G,C,L,I,C,L,S,H,I,K,C,T,A,K,M,K,K,F,I,P,G,R,C,H,T,Y,E,G,D,K,S,T,A,Q,G,G,I,G,A,A,I,V,D,I,P,E,I,P,G,F,K,D,M,E,P,M,E,Q,F,I,A,Q,V,D,L,C,E,D,C,T,T,G,C,L,K,G,L,A,N,V,Q,C,S,D,L,L,K,K,W,L,P,Q,R,C,A,T,F,A,S,K,I,Q,G,Q,V,D,K,I,K,G,A,G,G,D
KPTENNEDFNIVAVASNFATTDLDADRGKLPGKKLPLEVLKEMEANARKAGCTRGCLICLSKIKCTLKMKKFIPGRCHTYEGDKSTAQGGIGPAIVDIPEIPGFKDMEPMEQFIAQVDLCDDCTTGCLKGLANVQCSDLLKKWLPQRCATFASKIQGQVDKIKGAGGD,1.66121519,K,P,T,E,N,N,E,D,F,N,I,V,A,V,A,S,N,F,A,T,T,D,L,D,A,D,R,G,K,L,P,G,K,K,L,P,L,E,V,L,K,E,M,E,A,N,A,R,K,A,G,C,T,R,G,C,L,I,C,L,S,K,I,K,C,T,L,K,M,K,K,F,I,P,G,R,C,H,T,Y,E,G,D,K,S,T,A,Q,G,G,I,G,P,A,I,V,D,I,P,E,I,P,G,F,K,D,M,E,P,M,E,Q,F,I,A,Q,V,D,L,C,D,D,C,T,T,G,C,L,K,G,L,A,N,V,Q,C,S,D,L,L,K,K,W,L,P,Q,R,C,A,T,F,A,S,K,I,Q,G,Q,V,D,K,I,K,G,A,G,G,D
KPTENNEDFNIVAVASNFATTDLDADRGKLPGKKLPLEVLKEMEANARKAGCTRGCLICLSHIKCTPKMKKFIPGRCHTYEGDKSTGQGGIGPAIVDIPEIPGFKDMEPMEQFIAQVDLCEDCTTGCLKGLANVQCSDLLKKWLPQRCATFASKIQGQVDKIKGAGGD,1.643954204,K,P,T,E,N,N,E,D,F,N,I,V,A,V,A,S,N,F,A,T,T,D,L,D,A,D,R,G,K,L,P,G,K,K,L,P,L,E,V,L,K,E,M,E,A,N,A,R,K,A,G,C,T,R,G,C,L,I,C,L,S,H,I,K,C,T,P,K,M,K,K,F,I,P,G,R,C,H,T,Y,E,G,D,K,S,T,G,Q,G,G,I,G,P,A,I,V,D,I,P,E,I,P,G,F,K,D,M,E,P,M,E,Q,F,I,A,Q,V,D,L,C,E,D,C,T,T,G,C,L,K,G,L,A,N,V,Q,C,S,D,L,L,K,K,W,L,P,Q,R,C,A,T,F,A,S,K,I,Q,G,Q,V,D,K,I,K,G,A,G,G,D
KPTENNEDFNIVAVASNFATTDLDADRGKLPGKKLPLEVLKEMEANARKAGCTRGCLICLSHIKCTEKMKKFIPGRCHTYEGDKSTGQGGIGRAIVDIPEIPGFKDMEPMEQFIAQVDLCEDCTTGCLKGLANVQCSDLLKKWLPQRCATFASKIQGQVDKIKGAGGD,1.643954204,K,P,T,E,N,N,E,D,F,N,I,V,A,V,A,S,N,F,A,T,T,D,L,D,A,D,R,G,K,L,P,G,K,K,L,P,L,E,V,L,K,E,M,E,A,N,A,R,K,A,G,C,T,R,G,C,L,I,C,L,S,H,I,K,C,T,E,K,M,K,K,F,I,P,G,R,C,H,T,Y,E,G,D,K,S,T,G,Q,G,G,I,G,R,A,I,V,D,I,P,E,I,P,G,F,K,D,M,E,P,M,E,Q,F,I,A,Q,V,D,L,C,E,D,C,T,T,G,C,L,K,G,L,A,N,V,Q,C,S,D,L,L,K,K,W,L,P,Q,R,C,A,T,F,A,S,K,I,Q,G,Q,V,D,K,I,K,G,A,G,G,D
KPTENNEDFNIVAVASNFATTDLDADRGKLPGKKLPLEVLKEMEANARKAGCTRGCLICLSHIKCTLKMKKFIPGRCHTYEGDKATAQGGIGAAIVDIPEIPGFKDMEPMEQFIAQVDLCDDCTTGCLKGLANVQCSDLLKKWLPQRCATFASKIQGQVDKIKGAGGD,1.61614346,K,P,T,E,N,N,E,D,F,N,I,V,A,V,A,S,N,F,A,T,T,D,L,D,A,D,R,G,K,L,P,G,K,K,L,P,L,E,V,L,K,E,M,E,A,N,A,R,K,A,G,C,T,R,G,C,L,I,C,L,S,H,I,K,C,T,L,K,M,K,K,F,I,P,G,R,C,H,T,Y,E,G,D,K,A,T,A,Q,G,G,I,G,A,A,I,V,D,I,P,E,I,P,G,F,K,D,M,E,P,M,E,Q,F,I,A,Q,V,D,L,C,D,D,C,T,T,G,C,L,K,G,L,A,N,V,Q,C,S,D,L,L,K,K,W,L,P,Q,R,C,A,T,F,A,S,K,I,Q,G,Q,V,D,K,I,K,G,A,G,G,D
KPTENNEDFNIVAVASNFATTDLDADRGKLPGKKLPLEVLKEMEANARKAGCTRGCLICLSHIKCTPKMKKFIPGRCHTYEGDKESKQGGIGEAIVDIPEIPGFKDLEPMEQFIAQVDLCVDCTTGCLKGLANVQCSDLLKKWLPQRCATFASKIQGQVDKIKGAGGD,1.590511456,K,P,T,E,N,N,E,D,F,N,I,V,A,V,A,S,N,F,A,T,T,D,L,D,A,D,R,G,K,L,P,G,K,K,L,P,L,E,V,L,K,E,M,E,A,N,A,R,K,A,G,C,T,R,G,C,L,I,C,L,S,H,I,K,C,T,P,K,M,K,K,F,I,P,G,R,C,H,T,Y,E,G,D,K,E,S,K,Q,G,G,I,G,E,A,I,V,D,I,P,E,I,P,G,F,K,D,L,E,P,M,E,Q,F,I,A,Q,V,D,L,C,V,D,C,T,T,G,C,L,K,G,L,A,N,V,Q,C,S,D,L,L,K,K,W,L,P,Q,R,C,A,T,F,A,S,K,I,Q,G,Q,V,D,K,I,K,G,A,G,G,D
KPTENNEDFNIVAVASNFATTDLDADRGKLPGKKLPLEVLKEMEANARNAGCTRGCLICLSKIKCTPKMKKFIPGRCHTYEGDKDSAQGGIGPAIVDIPEIPGFKDMEPMEQFIAQVDLCVDCTTGCLKGLANVQCSDLLKKWLPQRCATFASKIQGQVDKIKGAGGD,1.554,K,P,T,E,N,N,E,D,F,N,I,V,A,V,A,S,N,F,A,T,T,D,L,D,A,D,R,G,K,L,P,G,K,K,L,P,L,E,V,L,K,E,M,E,A,N,A,R,N,A,G,C,T,R,G,C,L,I,C,L,S,K,I,K,C,T,P,K,M,K,K,F,I,P,G,R,C,H,T,Y,E,G,D,K,D,S,A,Q,G,G,I,G,P,A,I,V,D,I,P,E,I,P,G,F,K,D,M,E,P,M,E,Q,F,I,A,Q,V,D,L,C,V,D,C,T,T,G,C,L,K,G,L,A,N,V,Q,C,S,D,L,L,K,K,W,L,P,Q,R,C,A,T,F,A,S,K,I,Q,G,Q,V,D,K,I,K,G,A,G,G,D
KPTENNEDINIADVVKNFAETDADADRGKLPGKKLPLEVLKEMEANARKAGCTRGCLICLSHIKCTPKMKKFIPGRCHTYEGDKESAQGGIGEAIVDIPEIPGFKDLEPMEQFIAQVDLCVDCTTGCLKGLANVQCSDLLKKWLPQRCATFASKIQGQVDKIKGAGGD,1.47,K,P,T,E,N,N,E,D,I,N,I,A,D,V,V,K,N,F,A,E,T,D,A,D,A,D,R,G,K,L,P,G,K,K,L,P,L,E,V,L,K,E,M,E,A,N,A,R,K,A,G,C,T,R,G,C,L,I,C,L,S,H,I,K,C,T,P,K,M,K,K,F,I,P,G,R,C,H,T,Y,E,G,D,K,E,S,A,Q,G,G,I,G,E,A,I,V,D,I,P,E,I,P,G,F,K,D,L,E,P,M,E,Q,F,I,A,Q,V,D,L,C,V,D,C,T,T,G,C,L,K,G,L,A,N,V,Q,C,S,D,L,L,K,K,W,L,P,Q,R,C,A,T,F,A,S,K,I,Q,G,Q,V,D,K,I,K,G,A,G,G,D
KPTENNEDFNIVAVASNFATTDLDADRGKLPGKKLPLEVLKEMEANARNAGCTRGCLICLSHIKCTKKMKKFIPGRCHTYEGDKATGQGGIGAAIVDIPEIPGFKDLEPMEQFIAQVDLCDDCTTGCLKGLANVQCSDLLKKWLPQRCATFASKIQGQVDKIKGAGGD,1.468050633,K,P,T,E,N,N,E,D,F,N,I,V,A,V,A,S,N,F,A,T,T,D,L,D,A,D,R,G,K,L,P,G,K,K,L,P,L,E,V,L,K,E,M,E,A,N,A,R,N,A,G,C,T,R,G,C,L,I,C,L,S,H,I,K,C,T,K,K,M,K,K,F,I,P,G,R,C,H,T,Y,E,G,D,K,A,T,G,Q,G,G,I,G,A,A,I,V,D,I,P,E,I,P,G,F,K,D,L,E,P,M,E,Q,F,I,A,Q,V,D,L,C,D,D,C,T,T,G,C,L,K,G,L,A,N,V,Q,C,S,D,L,L,K,K,W,L,P,Q,R,C,A,T,F,A,S,K,I,Q,G,Q,V,D,K,I,K,G,A,G,G,D
KPTENNEDFNIVAVASNFATTDLDADRGKLPGKKLPLEVLKEMEANARNAGCTRGCLICLSHIKCTAKMKKFIPGRCHTYEGDKDTAQGGIGPAIVDIPEIPGFKDLEPMEQFIAQVDLCDDCTTGCLKGLANVQCSDLLKKWLPQRCATFASKIQGQVDKIKGAGGD,1.461611814,K,P,T,E,N,N,E,D,F,N,I,V,A,V,A,S,N,F,A,T,T,D,L,D,A,D,R,G,K,L,P,G,K,K,L,P,L,E,V,L,K,E,M,E,A,N,A,R,N,A,G,C,T,R,G,C,L,I,C,L,S,H,I,K,C,T,A,K,M,K,K,F,I,P,G,R,C,H,T,Y,E,G,D,K,D,T,A,Q,G,G,I,G,P,A,I,V,D,I,P,E,I,P,G,F,K,D,L,E,P,M,E,Q,F,I,A,Q,V,D,L,C,D,D,C,T,T,G,C,L,K,G,L,A,N,V,Q,C,S,D,L,L,K,K,W,L,P,Q,R,C,A,T,F,A,S,K,I,Q,G,Q,V,D,K,I,K,G,A,G,G,D
KPTENNEDFNIVAVASNFATTDLDADRGKLPGKKLPLEVLKEMEANARNAGCTRGCLICLSHIKCTAKMKKFIPGRCHTYEGDKATAQGGIGEAIVDIPEIPGFKDMEPMEQFIAQVDLCVDCTTGCLKGLANVQCSDLLKKWLPQRCATFASKIQGQVDKIKGAGGD,1.455172996,K,P,T,E,N,N,E,D,F,N,I,V,A,V,A,S,N,F,A,T,T,D,L,D,A,D,R,G,K,L,P,G,K,K,L,P,L,E,V,L,K,E,M,E,A,N,A,R,N,A,G,C,T,R,G,C,L,I,C,L,S,H,I,K,C,T,A,K,M,K,K,F,I,P,G,R,C,H,T,Y,E,G,D,K,A,T,A,Q,G,G,I,G,E,A,I,V,D,I,P,E,I,P,G,F,K,D,M,E,P,M,E,Q,F,I,A,Q,V,D,L,C,V,D,C,T,T,G,C,L,K,G,L,A,N,V,Q,C,S,D,L,L,K,K,W,L,P,Q,R,C,A,T,F,A,S,K,I,Q,G,Q,V,D,K,I,K,G,A,G,G,D
KPTENNEDFNIFAVASNFATTDLDADRGKLPGKKLPLEVLKEMEANARKAGCTRGCLICLSKIKCTLKMKKFIPGRCHTYEGDKSTGQGGIGPAIVDIPEIPGFKDMEPMEQFIAQVDLCEDCTTGCLKGLANVQCSDLLKKWLPQRCATFASKIQGQVDKIKGAGGD,1.433484642,K,P,T,E,N,N,E,D,F,N,I,F,A,V,A,S,N,F,A,T,T,D,L,D,A,D,R,G,K,L,P,G,K,K,L,P,L,E,V,L,K,E,M,E,A,N,A,R,K,A,G,C,T,R,G,C,L,I,C,L,S,K,I,K,C,T,L,K,M,K,K,F,I,P,G,R,C,H,T,Y,E,G,D,K,S,T,G,Q,G,G,I,G,P,A,I,V,D,I,P,E,I,P,G,F,K,D,M,E,P,M,E,Q,F,I,A,Q,V,D,L,C,E,D,C,T,T,G,C,L,K,G,L,A,N,V,Q,C,S,D,L,L,K,K,W,L,P,Q,R,C,A,T,F,A,S,K,I,Q,G,Q,V,D,K,I,K,G,A,G,G,D
KPTENNEDLNILDIAKNFIETDLDADRGKLPGKKLPLEVLKEMEANARIAGCTRGCLICLSKIKCTLKMKKFIPGRCHTYEGDKSTGQGGIGPAIVDIPEIPGFKDMEPMEQFIAQVDLCEDCTTGCLKGLANVQCSDLLKKWLPQRCATFASKIQGQVDKIKGAGGD,1.397801013,K,P,T,E,N,N,E,D,L,N,I,L,D,I,A,K,N,F,I,E,T,D,L,D,A,D,R,G,K,L,P,G,K,K,L,P,L,E,V,L,K,E,M,E,A,N,A,R,I,A,G,C,T,R,G,C,L,I,C,L,S,K,I,K,C,T,L,K,M,K,K,F,I,P,G,R,C,H,T,Y,E,G,D,K,S,T,G,Q,G,G,I,G,P,A,I,V,D,I,P,E,I,P,G,F,K,D,M,E,P,M,E,Q,F,I,A,Q,V,D,L,C,E,D,C,T,T,G,C,L,K,G,L,A,N,V,Q,C,S,D,L,L,K,K,W,L,P,Q,R,C,A,T,F,A,S,K,I,Q,G,Q,V,D,K,I,K,G,A,G,G,D
KPTENNEDFNIVAVASNFATTDLDADRGKLPGKKLPLEVLKEMEANARKAGCTRGCLICLSHIKCTPKMKKFIPGRCHTYEGDKESAQSGIGEAIVDIPEIPGFKDLEPMEQFIAQVDLCVDCTTGCLKGLANVQCSDLLKKWLPQRCATFASKIQGQVDKIKGAGGD,1.385185121,K,P,T,E,N,N,E,D,F,N,I,V,A,V,A,S,N,F,A,T,T,D,L,D,A,D,R,G,K,L,P,G,K,K,L,P,L,E,V,L,K,E,M,E,A,N,A,R,K,A,G,C,T,R,G,C,L,I,C,L,S,H,I,K,C,T,P,K,M,K,K,F,I,P,G,R,C,H,T,Y,E,G,D,K,E,S,A,Q,S,G,I,G,E,A,I,V,D,I,P,E,I,P,G,F,K,D,L,E,P,M,E,Q,F,I,A,Q,V,D,L,C,V,D,C,T,T,G,C,L,K,G,L,A,N,V,Q,C,S,D,L,L,K,K,W,L,P,Q,R,C,A,T,F,A,S,K,I,Q,G,Q,V,D,K,I,K,G,A,G,G,D
KPTENNEDFNIVAVASNFATTDLDADRGKLPGKKLPLEVLKEMEANARRAGCTRGCLICLSHIKCTAKMKKFIPGRCHTYEGDKSTAQGGIGPAIVDIPEIPGFKDMEPMEQFIAQVDLCVDCTTGCLKGLANVQCSDLLKKWLPQRCATFASKIQGQVDKIKGAGGD,1.352151899,K,P,T,E,N,N,E,D,F,N,I,V,A,V,A,S,N,F,A,T,T,D,L,D,A,D,R,G,K,L,P,G,K,K,L,P,L,E,V,L,K,E,M,E,A,N,A,R,R,A,G,C,T,R,G,C,L,I,C,L,S,H,I,K,C,T,A,K,M,K,K,F,I,P,G,R,C,H,T,Y,E,G,D,K,S,T,A,Q,G,G,I,G,P,A,I,V,D,I,P,E,I,P,G,F,K,D,M,E,P,M,E,Q,F,I,A,Q,V,D,L,C,V,D,C,T,T,G,C,L,K,G,L,A,N,V,Q,C,S,D,L,L,K,K,W,L,P,Q,R,C,A,T,F,A,S,K,I,Q,G,Q,V,D,K,I,K,G,A,G,G,D
KPTENNEDFNIVAVASNFATTDLDADRGKLPGKKLPLEVLKEMEANARRAGCTRGCLICLSHIKCTKKMKKFIPGRCHTYEGDKDSGQGGIGPAIVDIPEIPGFKDLEPMEQFIAQVDLCDDCTTGCLKGLANVQCSDLLKKWLPQRCATFASKIQGQVDKIKGAGGD,1.34571308,K,P,T,E,N,N,E,D,F,N,I,V,A,V,A,S,N,F,A,T,T,D,L,D,A,D,R,G,K,L,P,G,K,K,L,P,L,E,V,L,K,E,M,E,A,N,A,R,R,A,G,C,T,R,G,C,L,I,C,L,S,H,I,K,C,T,K,K,M,K,K,F,I,P,G,R,C,H,T,Y,E,G,D,K,D,S,G,Q,G,G,I,G,P,A,I,V,D,I,P,E,I,P,G,F,K,D,L,E,P,M,E,Q,F,I,A,Q,V,D,L,C,D,D,C,T,T,G,C,L,K,G,L,A,N,V,Q,C,S,D,L,L,K,K,W,L,P,Q,R,C,A,T,F,A,S,K,I,Q,G,Q,V,D,K,I,K,G,A,G,G,D
KPTENNEDFNIVAVASNFATTDLDADRGKLPGKKLPLEVLKEMEANARKAGCTRGCLICLSHIKCTAKMKKFIPGRCHTYEGDKAIAQGGIGPAIVDIPEIPGFKNLEPMEQFIAQVDLCVDCTTGCLKGLANVQCSDLLKKWLPQRCATFASKIQGQVDKIKGAGGD,1.343,K,P,T,E,N,N,E,D,F,N,I,V,A,V,A,S,N,F,A,T,T,D,L,D,A,D,R,G,K,L,P,G,K,K,L,P,L,E,V,L,K,E,M,E,A,N,A,R,K,A,G,C,T,R,G,C,L,I,C,L,S,H,I,K,C,T,A,K,M,K,K,F,I,P,G,R,C,H,T,Y,E,G,D,K,A,I,A,Q,G,G,I,G,P,A,I,V,D,I,P,E,I,P,G,F,K,N,L,E,P,M,E,Q,F,I,A,Q,V,D,L,C,V,D,C,T,T,G,C,L,K,G,L,A,N,V,Q,C,S,D,L,L,K,K,W,L,P,Q,R,C,A,T,F,A,S,K,I,Q,G,Q,V,D,K,I,K,G,A,G,G,D
KPTENNEDFNIVAVASNFATTDLDADRGKLPGKKLPLEVLKEMEANARKAGCTRGCLICLSTIKCTPKMKKFIPGRCHTYEGDKSTGQGGIGPAIVDIPEIPGFKDMEPMEQFIAQVDLCEDCTTGCLKGLANVQCSDLLKKWLPQRCATFASKIQGQVDKIKGAGGD,1.32996462,K,P,T,E,N,N,E,D,F,N,I,V,A,V,A,S,N,F,A,T,T,D,L,D,A,D,R,G,K,L,P,G,K,K,L,P,L,E,V,L,K,E,M,E,A,N,A,R,K,A,G,C,T,R,G,C,L,I,C,L,S,T,I,K,C,T,P,K,M,K,K,F,I,P,G,R,C,H,T,Y,E,G,D,K,S,T,G,Q,G,G,I,G,P,A,I,V,D,I,P,E,I,P,G,F,K,D,M,E,P,M,E,Q,F,I,A,Q,V,D,L,C,E,D,C,T,T,G,C,L,K,G,L,A,N,V,Q,C,S,D,L,L,K,K,W,L,P,Q,R,C,A,T,F,A,S,K,I,Q,G,Q,V,D,K,I,K,G,A,G,G,D
KPTENNEDRDICGLDVNFVSTDLDADRGKLPGKKLPLEVLKEMEANARKAGCTRGCLICLSHIKCTPKMKKFIPGRCHTYEGDKESAQGGIGEAIVDIPEIPGFKDLEPMEQFIAQVDLCVDCTTGCLKGLANVQCSDLLKKWLPQRCATFASKIQGQVDKIKGAGGD,1.308,K,P,T,E,N,N,E,D,R,D,I,C,G,L,D,V,N,F,V,S,T,D,L,D,A,D,R,G,K,L,P,G,K,K,L,P,L,E,V,L,K,E,M,E,A,N,A,R,K,A,G,C,T,R,G,C,L,I,C,L,S,H,I,K,C,T,P,K,M,K,K,F,I,P,G,R,C,H,T,Y,E,G,D,K,E,S,A,Q,G,G,I,G,E,A,I,V,D,I,P,E,I,P,G,F,K,D,L,E,P,M,E,Q,F,I,A,Q,V,D,L,C,V,D,C,T,T,G,C,L,K,G,L,A,N,V,Q,C,S,D,L,L,K,K,W,L,P,Q,R,C,A,T,F,A,S,K,I,Q,G,Q,V,D,K,I,K,G,A,G,G,D
KPTENNEDFNIVAVASNFATTDLDADRGKLPGKKLPLEVLKEMEANARRAGCTRGCLICLSHIKCTAKMKKFIPGRCHTYEGDKSIGQGGIGAAIVDIPEIPGFKDMEPMEQFIAQVDLCEDCTTGCLKGLANVQCSDLLKKWLPQRCATFASKIQGQVDKIKGAGGD,1.302,K,P,T,E,N,N,E,D,F,N,I,V,A,V,A,S,N,F,A,T,T,D,L,D,A,D,R,G,K,L,P,G,K,K,L,P,L,E,V,L,K,E,M,E,A,N,A,R,R,A,G,C,T,R,G,C,L,I,C,L,S,H,I,K,C,T,A,K,M,K,K,F,I,P,G,R,C,H,T,Y,E,G,D,K,S,I,G,Q,G,G,I,G,A,A,I,V,D,I,P,E,I,P,G,F,K,D,M,E,P,M,E,Q,F,I,A,Q,V,D,L,C,E,D,C,T,T,G,C,L,K,G,L,A,N,V,Q,C,S,D,L,L,K,K,W,L,P,Q,R,C,A,T,F,A,S,K,I,Q,G,Q,V,D,K,I,K,G,A,G,G,D
KPTENNEDFNIVAVASNFATTDLDADRGKLPGKKLPLEVLKEMEANARRAGCTRGCLICLSHIKCTLKMKKFIPGRCHTYEGDKSTAQGGIGEAIVDIPEIPGFKDMEPMEQFIAQVDLCEDCTTGCLKGLANVQCSDLLKKWLPQRCATFASKIQGQVDKIKGAGGD,1.262008439,K,P,T,E,N,N,E,D,F,N,I,V,A,V,A,S,N,F,A,T,T,D,L,D,A,D,R,G,K,L,P,G,K,K,L,P,L,E,V,L,K,E,M,E,A,N,A,R,R,A,G,C,T,R,G,C,L,I,C,L,S,H,I,K,C,T,L,K,M,K,K,F,I,P,G,R,C,H,T,Y,E,G,D,K,S,T,A,Q,G,G,I,G,E,A,I,V,D,I,P,E,I,P,G,F,K,D,M,E,P,M,E,Q,F,I,A,Q,V,D,L,C,E,D,C,T,T,G,C,L,K,G,L,A,N,V,Q,C,S,D,L,L,K,K,W,L,P,Q,R,C,A,T,F,A,S,K,I,Q,G,Q,V,D,K,I,K,G,A,G,G,D
KPTENNEDFNIVAVASNFATTDLDADRGKLPGKKLPLEVLKEMEANARNAGCTRGCLICLSKIKCTVKMKKFIPGRCHTYEGDKDIAQGGIGAAIVDIPEIPGFKDMEPMEQFIAQVDLCDDCTTGCLKGLANVQCSDLLKKWLPQRCATFASKIQGQVDKIKGAGGD,1.25556962,K,P,T,E,N,N,E,D,F,N,I,V,A,V,A,S,N,F,A,T,T,D,L,D,A,D,R,G,K,L,P,G,K,K,L,P,L,E,V,L,K,E,M,E,A,N,A,R,N,A,G,C,T,R,G,C,L,I,C,L,S,K,I,K,C,T,V,K,M,K,K,F,I,P,G,R,C,H,T,Y,E,G,D,K,D,I,A,Q,G,G,I,G,A,A,I,V,D,I,P,E,I,P,G,F,K,D,M,E,P,M,E,Q,F,I,A,Q,V,D,L,C,D,D,C,T,T,G,C,L,K,G,L,A,N,V,Q,C,S,D,L,L,K,K,W,L,P,Q,R,C,A,T,F,A,S,K,I,Q,G,Q,V,D,K,I,K,G,A,G,G,D
KPTENNEDFNIVAVASNFATTDLDADRGKLPGKKLPLEVLKEMEANARNAGCTRGCLICLSHIKCTKKMKKFIPGRCHTYEGDKETGQGGIGAAIVDIPEIPGFKDMEPMEQFIAQVDLCVDCTTGCLKGLANVQCSDLLKKWLPQRCATFASKIQGQVDKIKGAGGD,1.242691983,K,P,T,E,N,N,E,D,F,N,I,V,A,V,A,S,N,F,A,T,T,D,L,D,A,D,R,G,K,L,P,G,K,K,L,P,L,E,V,L,K,E,M,E,A,N,A,R,N,A,G,C,T,R,G,C,L,I,C,L,S,H,I,K,C,T,K,K,M,K,K,F,I,P,G,R,C,H,T,Y,E,G,D,K,E,T,G,Q,G,G,I,G,A,A,I,V,D,I,P,E,I,P,G,F,K,D,M,E,P,M,E,Q,F,I,A,Q,V,D,L,C,V,D,C,T,T,G,C,L,K,G,L,A,N,V,Q,C,S,D,L,L,K,K,W,L,P,Q,R,C,A,T,F,A,S,K,I,Q,G,Q,V,D,K,I,K,G,A,G,G,D
KPTENNEDFNIVAVASNFATTDLDADRGKLPGKKLPLEVLKEMEANARNAGCTRGCLICLSHIKCTAKMKKFIPGRCHTYEGDKASAQGGIGPAIVDIPEIPGFKDMEPMEQFIAQVDLCDDCTTGCLKGLANVQCSDLLKKWLPQRCATFASKIQGQVDKIKGAGGD,1.197620253,K,P,T,E,N,N,E,D,F,N,I,V,A,V,A,S,N,F,A,T,T,D,L,D,A,D,R,G,K,L,P,G,K,K,L,P,L,E,V,L,K,E,M,E,A,N,A,R,N,A,G,C,T,R,G,C,L,I,C,L,S,H,I,K,C,T,A,K,M,K,K,F,I,P,G,R,C,H,T,Y,E,G,D,K,A,S,A,Q,G,G,I,G,P,A,I,V,D,I,P,E,I,P,G,F,K,D,M,E,P,M,E,Q,F,I,A,Q,V,D,L,C,D,D,C,T,T,G,C,L,K,G,L,A,N,V,Q,C,S,D,L,L,K,K,W,L,P,Q,R,C,A,T,F,A,S,K,I,Q,G,Q,V,D,K,I,K,G,A,G,G,D
KPTENNEDFNIVAVASNFATTDLDADRGKLPGKKLPLEVLKEMEANARKAGCTRGCLICLSHIKCTPKMKKFIPGRCHTYDGDKESAQGGIGEAIVDIPEIPGFKDLEPMEQFLAQVDLCVDCTTGCLKGLANVQCSDLLKKWLPQRCATFASKIQGQVDKIKGAGGD,1.183042398,K,P,T,E,N,N,E,D,F,N,I,V,A,V,A,S,N,F,A,T,T,D,L,D,A,D,R,G,K,L,P,G,K,K,L,P,L,E,V,L,K,E,M,E,A,N,A,R,K,A,G,C,T,R,G,C,L,I,C,L,S,H,I,K,C,T,P,K,M,K,K,F,I,P,G,R,C,H,T,Y,D,G,D,K,E,S,A,Q,G,G,I,G,E,A,I,V,D,I,P,E,I,P,G,F,K,D,L,E,P,M,E,Q,F,L,A,Q,V,D,L,C,V,D,C,T,T,G,C,L,K,G,L,A,N,V,Q,C,S,D,L,L,K,K,W,L,P,Q,R,C,A,T,F,A,S,K,I,Q,G,Q,V,D,K,I,K,G,A,G,G,D
KPTENNEDFNIVAVASNFATTDLDADRGKLPGKKLPLEVLKEMEANARKAGCTRGCLICLSHIKCTPKMKKFIPGRCHTYEGDKEIGQGGIGGAIVDIPEIPGFKDMEPMEQFIAQVDLCDDCTTGCLKGLANVQCSDLLKKWLPQRCATFASKIQGQVDKIKGAGGD,1.165,K,P,T,E,N,N,E,D,F,N,I,V,A,V,A,S,N,F,A,T,T,D,L,D,A,D,R,G,K,L,P,G,K,K,L,P,L,E,V,L,K,E,M,E,A,N,A,R,K,A,G,C,T,R,G,C,L,I,C,L,S,H,I,K,C,T,P,K,M,K,K,F,I,P,G,R,C,H,T,Y,E,G,D,K,E,I,G,Q,G,G,I,G,G,A,I,V,D,I,P,E,I,P,G,F,K,D,M,E,P,M,E,Q,F,I,A,Q,V,D,L,C,D,D,C,T,T,G,C,L,K,G,L,A,N,V,Q,C,S,D,L,L,K,K,W,L,P,Q,R,C,A,T,F,A,S,K,I,Q,G,Q,V,D,K,I,K,G,A,G,G,D
KPTENNEDFNIVAVASNFATTDLDADRGKLPGKKLPLEVLKEMEANARKAGCTRGCLICLSHIKCTPKMKKFIPGRCHTYEGDKESAQGGIGEAIVDIPEIPGFKDLEPMEQFLAQVDLCVDCTTGCLKGLANVQCSDLLKKWLPQRCATFASKIQGQVDKIKGAGGD,1.125839633,K,P,T,E,N,N,E,D,F,N,I,V,A,V,A,S,N,F,A,T,T,D,L,D,A,D,R,G,K,L,P,G,K,K,L,P,L,E,V,L,K,E,M,E,A,N,A,R,K,A,G,C,T,R,G,C,L,I,C,L,S,H,I,K,C,T,P,K,M,K,K,F,I,P,G,R,C,H,T,Y,E,G,D,K,E,S,A,Q,G,G,I,G,E,A,I,V,D,I,P,E,I,P,G,F,K,D,L,E,P,M,E,Q,F,L,A,Q,V,D,L,C,V,D,C,T,T,G,C,L,K,G,L,A,N,V,Q,C,S,D,L,L,K,K,W,L,P,Q,R,C,A,T,F,A,S,K,I,Q,G,Q,V,D,K,I,K,G,A,G,G,D
KPTENNEDINIFGVEDNFNDTDTDADRGKLPGKKLPLEVLKEMEANARKAGCTRGCLICLSHIKCTPKMKKFIPGRCHTYEGDKESAQGGIGEAIVDIPEIPGFKDLEPMEQFIAQVDLCVDCTTGCLKGLANVQCSDLLKKWLPQRCATFASKIQGQVDKIKGAGGD,1.12,K,P,T,E,N,N,E,D,I,N,I,F,G,V,E,D,N,F,N,D,T,D,T,D,A,D,R,G,K,L,P,G,K,K,L,P,L,E,V,L,K,E,M,E,A,N,A,R,K,A,G,C,T,R,G,C,L,I,C,L,S,H,I,K,C,T,P,K,M,K,K,F,I,P,G,R,C,H,T,Y,E,G,D,K,E,S,A,Q,G,G,I,G,E,A,I,V,D,I,P,E,I,P,G,F,K,D,L,E,P,M,E,Q,F,I,A,Q,V,D,L,C,V,D,C,T,T,G,C,L,K,G,L,A,N,V,Q,C,S,D,L,L,K,K,W,L,P,Q,R,C,A,T,F,A,S,K,I,Q,G,Q,V,D,K,I,K,G,A,G,G,D
KPTENNEDFNIVAVASNFATTDLDADRGKLPGKKLPLEVLKEMEANARNAGCTRGCLICLSKIKCTLKMKKFIPGRCHTYEGDKETAQGGIGAAIVDIPEIPGFKNMEPMGQFIAQVDLCEDCTTGCLKGLANVQCSDLLKKWLPQRCATFASKIQGQVDKIKGAGGD,1.111,K,P,T,E,N,N,E,D,F,N,I,V,A,V,A,S,N,F,A,T,T,D,L,D,A,D,R,G,K,L,P,G,K,K,L,P,L,E,V,L,K,E,M,E,A,N,A,R,N,A,G,C,T,R,G,C,L,I,C,L,S,K,I,K,C,T,L,K,M,K,K,F,I,P,G,R,C,H,T,Y,E,G,D,K,E,T,A,Q,G,G,I,G,A,A,I,V,D,I,P,E,I,P,G,F,K,N,M,E,P,M,G,Q,F,I,A,Q,V,D,L,C,E,D,C,T,T,G,C,L,K,G,L,A,N,V,Q,C,S,D,L,L,K,K,W,L,P,Q,R,C,A,T,F,A,S,K,I,Q,G,Q,V,D,K,I,K,G,A,G,G,D
KPTENNEDFNIVAVASNFATTDLDADRGKLPGKKLPLEVLKEMEANARRAGCTRGCLICLSHIKCTAKMKKFIPGRCHTYEGDKKSGQGGIGAAIVDIPEIPGFKDMEPMEQFIAQVDLCEDCTTGCLKGLANVQCSDLLKKWLPQRCATFASKIQGQVDKIKGAGGD,1.073,K,P,T,E,N,N,E,D,F,N,I,V,A,V,A,S,N,F,A,T,T,D,L,D,A,D,R,G,K,L,P,G,K,K,L,P,L,E,V,L,K,E,M,E,A,N,A,R,R,A,G,C,T,R,G,C,L,I,C,L,S,H,I,K,C,T,A,K,M,K,K,F,I,P,G,R,C,H,T,Y,E,G,D,K,K,S,G,Q,G,G,I,G,A,A,I,V,D,I,P,E,I,P,G,F,K,D,M,E,P,M,E,Q,F,I,A,Q,V,D,L,C,E,D,C,T,T,G,C,L,K,G,L,A,N,V,Q,C,S,D,L,L,K,K,W,L,P,Q,R,C,A,T,F,A,S,K,I,Q,G,Q,V,D,K,I,K,G,A,G,G,D
KPTENNEDSNILGVARNFAKTDADADRGKLPGKKLPLEVLKEMEANARKAGCTRGCLICLSHIKCTPKMKKFIPGRCHTYEGDKESAQGGIGEAIVDIPEIPGFKDLEPMEQFIAQVDLCVDCTTGCLKGLANVQCSDLLKKWLPQRCATFASKIQGQVDKIKGAGGD,1.067,K,P,T,E,N,N,E,D,S,N,I,L,G,V,A,R,N,F,A,K,T,D,A,D,A,D,R,G,K,L,P,G,K,K,L,P,L,E,V,L,K,E,M,E,A,N,A,R,K,A,G,C,T,R,G,C,L,I,C,L,S,H,I,K,C,T,P,K,M,K,K,F,I,P,G,R,C,H,T,Y,E,G,D,K,E,S,A,Q,G,G,I,G,E,A,I,V,D,I,P,E,I,P,G,F,K,D,L,E,P,M,E,Q,F,I,A,Q,V,D,L,C,V,D,C,T,T,G,C,L,K,G,L,A,N,V,Q,C,S,D,L,L,K,K,W,L,P,Q,R,C,A,T,F,A,S,K,I,Q,G,Q,V,D,K,I,K,G,A,G,G,D
KPTENNEDFNIVAVASNFATTDLDADRGKLPGKKLPLEVLKEMEANARNAGCTRGCLICLSHIKCTAKMKKFIPGRCHTYEGDKSSAQGGIGPAIVDIPEIPGFKDMEPMEQFIAQVDLCEDCTTGCLKGLANVQCSDLLKKWLPQRCATFASKIQGQVDKIKGAGGD,1.055966245,K,P,T,E,N,N,E,D,F,N,I,V,A,V,A,S,N,F,A,T,T,D,L,D,A,D,R,G,K,L,P,G,K,K,L,P,L,E,V,L,K,E,M,E,A,N,A,R,N,A,G,C,T,R,G,C,L,I,C,L,S,H,I,K,C,T,A,K,M,K,K,F,I,P,G,R,C,H,T,Y,E,G,D,K,S,S,A,Q,G,G,I,G,P,A,I,V,D,I,P,E,I,P,G,F,K,D,M,E,P,M,E,Q,F,I,A,Q,V,D,L,C,E,D,C,T,T,G,C,L,K,G,L,A,N,V,Q,C,S,D,L,L,K,K,W,L,P,Q,R,C,A,T,F,A,S,K,I,Q,G,Q,V,D,K,I,K,G,A,G,G,D
KPTENNEDFNIVAVASNFATTDLDADRGKLPGKKLPLEVLKEMEANARKAGCTRGCLICLSHIKCTAKMKKFIPGRCHTYEGDKATAQGGIGAAIVDIPEIPGFKDLEPMEQFIAQVDLCDDCTTGCLKGLANVQCSDLLKKWLPQRCATFASKIQGQVDKIKGAGGD,1.049527426,K,P,T,E,N,N,E,D,F,N,I,V,A,V,A,S,N,F,A,T,T,D,L,D,A,D,R,G,K,L,P,G,K,K,L,P,L,E,V,L,K,E,M,E,A,N,A,R,K,A,G,C,T,R,G,C,L,I,C,L,S,H,I,K,C,T,A,K,M,K,K,F,I,P,G,R,C,H,T,Y,E,G,D,K,A,T,A,Q,G,G,I,G,A,A,I,V,D,I,P,E,I,P,G,F,K,D,L,E,P,M,E,Q,F,I,A,Q,V,D,L,C,D,D,C,T,T,G,C,L,K,G,L,A,N,V,Q,C,S,D,L,L,K,K,W,L,P,Q,R,C,A,T,F,A,S,K,I,Q,G,Q,V,D,K,I,K,G,A,G,G,D
KPTENNEDFNIADIVNNFATTDADADRGKLPGKKLPLEVLKEMEANARKAGCTRGCLICLSHIKCTPKMKKFIPGRCHTYEGDKESAQGGIGEAIVDIPEIPGFKDLEPMEQFIAQVDLCVDCTTGCLKGLANVQCSDLLKKWLPQRCATFASKIQGQVDKIKGAGGD,1.046,K,P,T,E,N,N,E,D,F,N,I,A,D,I,V,N,N,F,A,T,T,D,A,D,A,D,R,G,K,L,P,G,K,K,L,P,L,E,V,L,K,E,M,E,A,N,A,R,K,A,G,C,T,R,G,C,L,I,C,L,S,H,I,K,C,T,P,K,M,K,K,F,I,P,G,R,C,H,T,Y,E,G,D,K,E,S,A,Q,G,G,I,G,E,A,I,V,D,I,P,E,I,P,G,F,K,D,L,E,P,M,E,Q,F,I,A,Q,V,D,L,C,V,D,C,T,T,G,C,L,K,G,L,A,N,V,Q,C,S,D,L,L,K,K,W,L,P,Q,R,C,A,T,F,A,S,K,I,Q,G,Q,V,D,K,I,K,G,A,G,G,D
KPTENNEDRNIFDLAGNFADTDADADRGKLPGKKLPLEVLKEMEANARKAGCTRGCLICLSHIKCTPKMKKFIPGRCHTYEGDKESAQGGIGEAIVDIPEIPGFKDLEPMEQFIAQVDLCVDCTTGCLKGLANVQCSDLLKKWLPQRCATFASKIQGQVDKIKGAGGD,1.017,K,P,T,E,N,N,E,D,R,N,I,F,D,L,A,G,N,F,A,D,T,D,A,D,A,D,R,G,K,L,P,G,K,K,L,P,L,E,V,L,K,E,M,E,A,N,A,R,K,A,G,C,T,R,G,C,L,I,C,L,S,H,I,K,C,T,P,K,M,K,K,F,I,P,G,R,C,H,T,Y,E,G,D,K,E,S,A,Q,G,G,I,G,E,A,I,V,D,I,P,E,I,P,G,F,K,D,L,E,P,M,E,Q,F,I,A,Q,V,D,L,C,V,D,C,T,T,G,C,L,K,G,L,A,N,V,Q,C,S,D,L,L,K,K,W,L,P,Q,R,C,A,T,F,A,S,K,I,Q,G,Q,V,D,K,I,K,G,A,G,G,D
KPTENNEDFNIVAVASNFATTDLDADRGKLPGKKLPLEVLKEMEANARKAGCTRGCLICLSHIKCTPKMKKFIPGRCHTYEGDKESAQGGIGEAIVDIPEIPGFKDLEPMEQFIAQVDLCVDCTTGCLKGLANVQCSDLLKKWLPQRCATFASKIQGQVDKIKGAGGD,1,K,P,T,E,N,N,E,D,F,N,I,V,A,V,A,S,N,F,A,T,T,D,L,D,A,D,R,G,K,L,P,G,K,K,L,P,L,E,V,L,K,E,M,E,A,N,A,R,K,A,G,C,T,R,G,C,L,I,C,L,S,H,I,K,C,T,P,K,M,K,K,F,I,P,G,R,C,H,T,Y,E,G,D,K,E,S,A,Q,G,G,I,G,E,A,I,V,D,I,P,E,I,P,G,F,K,D,L,E,P,M,E,Q,F,I,A,Q,V,D,L,C,V,D,C,T,T,G,C,L,K,G,L,A,N,V,Q,C,S,D,L,L,K,K,W,L,P,Q,R,C,A,T,F,A,S,K,I,Q,G,Q,V,D,K,I,K,G,A,G,G,D
KPTENNEDFNIVAVASNFATTDLDADRGKLPGKKLPLEVLKEMEANARRAGCTRGCLICLSHIKCTPKMKKFIPGRCHTYEGDKKSAQGGIGGAIVDIPEIPGFKNLEPMEQFIAQVDLCDDCTTGCLKGLANVQCSDLLKKWLPQRCATFASKIQGQVDKIKGAGGD,1,K,P,T,E,N,N,E,D,F,N,I,V,A,V,A,S,N,F,A,T,T,D,L,D,A,D,R,G,K,L,P,G,K,K,L,P,L,E,V,L,K,E,M,E,A,N,A,R,R,A,G,C,T,R,G,C,L,I,C,L,S,H,I,K,C,T,P,K,M,K,K,F,I,P,G,R,C,H,T,Y,E,G,D,K,K,S,A,Q,G,G,I,G,G,A,I,V,D,I,P,E,I,P,G,F,K,N,L,E,P,M,E,Q,F,I,A,Q,V,D,L,C,D,D,C,T,T,G,C,L,K,G,L,A,N,V,Q,C,S,D,L,L,K,K,W,L,P,Q,R,C,A,T,F,A,S,K,I,Q,G,Q,V,D,K,I,K,G,A,G,G,D
KPTENNEDFDISALVGNFNDTDRDADRGKLPGKKLPLEVLKEMEANARKAGCTRGCLICLSHIKCTPKMKKFIPGRCHTYEGDKESAQGGIGEAIVDIPEIPGFKDLEPMEQFIAQVDLCVDCTTGCLKGLANVQCSDLLKKWLPQRCATFASKIQGQVDKIKGAGGD,0.981,K,P,T,E,N,N,E,D,F,D,I,S,A,L,V,G,N,F,N,D,T,D,R,D,A,D,R,G,K,L,P,G,K,K,L,P,L,E,V,L,K,E,M,E,A,N,A,R,K,A,G,C,T,R,G,C,L,I,C,L,S,H,I,K,C,T,P,K,M,K,K,F,I,P,G,R,C,H,T,Y,E,G,D,K,E,S,A,Q,G,G,I,G,E,A,I,V,D,I,P,E,I,P,G,F,K,D,L,E,P,M,E,Q,F,I,A,Q,V,D,L,C,V,D,C,T,T,G,C,L,K,G,L,A,N,V,Q,C,S,D,L,L,K,K,W,L,P,Q,R,C,A,T,F,A,S,K,I,Q,G,Q,V,D,K,I,K,G,A,G,G,D
KPTENNEDFNIVAVASNFATTDLDADRGKLPGKKLPLEVLKEMEANARNAGCTRGCLICLSKIKCTAKMKKFIPGRCHTYEGDKETAQGGIGEAIVDIPEIPGFKDLEPMEQFIAQVDLCDDCTTGCLKGLANVQCSDLLKKWLPQRCATFASKIQGQVDKIKGAGGD,0.965822785,K,P,T,E,N,N,E,D,F,N,I,V,A,V,A,S,N,F,A,T,T,D,L,D,A,D,R,G,K,L,P,G,K,K,L,P,L,E,V,L,K,E,M,E,A,N,A,R,N,A,G,C,T,R,G,C,L,I,C,L,S,K,I,K,C,T,A,K,M,K,K,F,I,P,G,R,C,H,T,Y,E,G,D,K,E,T,A,Q,G,G,I,G,E,A,I,V,D,I,P,E,I,P,G,F,K,D,L,E,P,M,E,Q,F,I,A,Q,V,D,L,C,D,D,C,T,T,G,C,L,K,G,L,A,N,V,Q,C,S,D,L,L,K,K,W,L,P,Q,R,C,A,T,F,A,S,K,I,Q,G,Q,V,D,K,I,K,G,A,G,G,D
KPTENNEDFNIVAVASNFATTDLDADRGKLPGKKLPLEVLKEMEANARRAGCTRGCLICLSHIKCTLKMKRFIPGRCHTYEGDKATGQGGIGEAIVDIPEIPGFKDMEPMEQFIAQVDLCVDCTTGCLKGLANVQCSDLLKKWLPQRCATFASKIQGQVDKIKGAGGD,0.965822785,K,P,T,E,N,N,E,D,F,N,I,V,A,V,A,S,N,F,A,T,T,D,L,D,A,D,R,G,K,L,P,G,K,K,L,P,L,E,V,L,K,E,M,E,A,N,A,R,R,A,G,C,T,R,G,C,L,I,C,L,S,H,I,K,C,T,L,K,M,K,R,F,I,P,G,R,C,H,T,Y,E,G,D,K,A,T,G,Q,G,G,I,G,E,A,I,V,D,I,P,E,I,P,G,F,K,D,M,E,P,M,E,Q,F,I,A,Q,V,D,L,C,V,D,C,T,T,G,C,L,K,G,L,A,N,V,Q,C,S,D,L,L,K,K,W,L,P,Q,R,C,A,T,F,A,S,K,I,Q,G,Q,V,D,K,I,K,G,A,G,G,D
KPTENNEDTNIEAIGVNFRGTDGDADRGKLPGKKLPLEVLKEMEANARKAGCTRGCLICLSHIKCTPKMKKFIPGRCHTYEGDKESAQGGIGEAIVDIPEIPGFKDLEPMEQFIAQVDLCVDCTTGCLKGLANVQCSDLLKKWLPQRCATFASKIQGQVDKIKGAGGD,0.94,K,P,T,E,N,N,E,D,T,N,I,E,A,I,G,V,N,F,R,G,T,D,G,D,A,D,R,G,K,L,P,G,K,K,L,P,L,E,V,L,K,E,M,E,A,N,A,R,K,A,G,C,T,R,G,C,L,I,C,L,S,H,I,K,C,T,P,K,M,K,K,F,I,P,G,R,C,H,T,Y,E,G,D,K,E,S,A,Q,G,G,I,G,E,A,I,V,D,I,P,E,I,P,G,F,K,D,L,E,P,M,E,Q,F,I,A,Q,V,D,L,C,V,D,C,T,T,G,C,L,K,G,L,A,N,V,Q,C,S,D,L,L,K,K,W,L,P,Q,R,C,A,T,F,A,S,K,I,Q,G,Q,V,D,K,I,K,G,A,G,G,D
KPTENNEDFNIVAVASNFATTDLDADRGKLPGKKLPLEVLKEMEANARKAGCTRGCLICLSHIKCTPKMKKFIPGRCHTYEGDKSTAQGGIGEAIVDIPEIPGFKDMEPMEQFIAQVDLCDDCTTGCLKGLANVQCSDLLKKWLPQRCATFASKIQGQVDKIKGAGGD,0.927189873,K,P,T,E,N,N,E,D,F,N,I,V,A,V,A,S,N,F,A,T,T,D,L,D,A,D,R,G,K,L,P,G,K,K,L,P,L,E,V,L,K,E,M,E,A,N,A,R,K,A,G,C,T,R,G,C,L,I,C,L,S,H,I,K,C,T,P,K,M,K,K,F,I,P,G,R,C,H,T,Y,E,G,D,K,S,T,A,Q,G,G,I,G,E,A,I,V,D,I,P,E,I,P,G,F,K,D,M,E,P,M,E,Q,F,I,A,Q,V,D,L,C,D,D,C,T,T,G,C,L,K,G,L,A,N,V,Q,C,S,D,L,L,K,K,W,L,P,Q,R,C,A,T,F,A,S,K,I,Q,G,Q,V,D,K,I,K,G,A,G,G,D
KPTENNEDFNIVAVASNFATTDLDADRGKLPGKKLPLEVLKEMEANARKAGCTRGCLICLSHIKCTPKMKKFIPGRCHTYEGDKKTAQGGIGAAIVDIPEIPGFKDLEPMEQFIAQVDLCVDCTTGCLKGLANVQCSDLLKKWLPQRCATFASKIQGQVDKIKGAGGD,0.864,K,P,T,E,N,N,E,D,F,N,I,V,A,V,A,S,N,F,A,T,T,D,L,D,A,D,R,G,K,L,P,G,K,K,L,P,L,E,V,L,K,E,M,E,A,N,A,R,K,A,G,C,T,R,G,C,L,I,C,L,S,H,I,K,C,T,P,K,M,K,K,F,I,P,G,R,C,H,T,Y,E,G,D,K,K,T,A,Q,G,G,I,G,A,A,I,V,D,I,P,E,I,P,G,F,K,D,L,E,P,M,E,Q,F,I,A,Q,V,D,L,C,V,D,C,T,T,G,C,L,K,G,L,A,N,V,Q,C,S,D,L,L,K,K,W,L,P,Q,R,C,A,T,F,A,S,K,I,Q,G,Q,V,D,K,I,K,G,A,G,G,D
KPTENNEDLDIVDLVNNFNATDSDADRGKLPGKKLPLEVLKEMEANARKAGCTRGCLICLSHIKCTPKMKKFIPGRCHTYEGDKESAQGGIGEAIVDIPEIPGFKDLEPMEQFIAQVDLCVDCTTGCLKGLANVQCSDLLKKWLPQRCATFASKIQGQVDKIKGAGGD,0.799,K,P,T,E,N,N,E,D,L,D,I,V,D,L,V,N,N,F,N,A,T,D,S,D,A,D,R,G,K,L,P,G,K,K,L,P,L,E,V,L,K,E,M,E,A,N,A,R,K,A,G,C,T,R,G,C,L,I,C,L,S,H,I,K,C,T,P,K,M,K,K,F,I,P,G,R,C,H,T,Y,E,G,D,K,E,S,A,Q,G,G,I,G,E,A,I,V,D,I,P,E,I,P,G,F,K,D,L,E,P,M,E,Q,F,I,A,Q,V,D,L,C,V,D,C,T,T,G,C,L,K,G,L,A,N,V,Q,C,S,D,L,L,K,K,W,L,P,Q,R,C,A,T,F,A,S,K,I,Q,G,Q,V,D,K,I,K,G,A,G,G,D
KPTENNEDIDISGLVDNFVETDGDADRGKLPGKKLPLEVLKEMEANARKAGCTRGCLICLSHIKCTPKMKKFIPGRCHTYEGDKESAQGGIGEAIVDIPEIPGFKDLEPMEQFIAQVDLCVDCTTGCLKGLANVQCSDLLKKWLPQRCATFASKIQGQVDKIKGAGGD,0.788,K,P,T,E,N,N,E,D,I,D,I,S,G,L,V,D,N,F,V,E,T,D,G,D,A,D,R,G,K,L,P,G,K,K,L,P,L,E,V,L,K,E,M,E,A,N,A,R,K,A,G,C,T,R,G,C,L,I,C,L,S,H,I,K,C,T,P,K,M,K,K,F,I,P,G,R,C,H,T,Y,E,G,D,K,E,S,A,Q,G,G,I,G,E,A,I,V,D,I,P,E,I,P,G,F,K,D,L,E,P,M,E,Q,F,I,A,Q,V,D,L,C,V,D,C,T,T,G,C,L,K,G,L,A,N,V,Q,C,S,D,L,L,K,K,W,L,P,Q,R,C,A,T,F,A,S,K,I,Q,G,Q,V,D,K,I,K,G,A,G,G,D
KPTENNEDFDIEGIVKNFIDTDTDADRGKLPGKKLPLEVLKEMEANARKAGCTRGCLICLSHIKCTPKMKKFIPGRCHTYEGDKESAQGGIGEAIVDIPEIPGFKDLEPMEQFIAQVDLCVDCTTGCLKGLANVQCSDLLKKWLPQRCATFASKIQGQVDKIKGAGGD,0.779,K,P,T,E,N,N,E,D,F,D,I,E,G,I,V,K,N,F,I,D,T,D,T,D,A,D,R,G,K,L,P,G,K,K,L,P,L,E,V,L,K,E,M,E,A,N,A,R,K,A,G,C,T,R,G,C,L,I,C,L,S,H,I,K,C,T,P,K,M,K,K,F,I,P,G,R,C,H,T,Y,E,G,D,K,E,S,A,Q,G,G,I,G,E,A,I,V,D,I,P,E,I,P,G,F,K,D,L,E,P,M,E,Q,F,I,A,Q,V,D,L,C,V,D,C,T,T,G,C,L,K,G,L,A,N,V,Q,C,S,D,L,L,K,K,W,L,P,Q,R,C,A,T,F,A,S,K,I,Q,G,Q,V,D,K,I,K,G,A,G,G,D
KPTENNEDFNILGVVGNFNATDSDADRGKLPGKKLPLEVLKEMEANARKAGCTRGCLICLSHIKCTPKMKKFIPGRCHTYEGDKESAQGGIGEAIVDIPEIPGFKDLEPMEQFIAQVDLCVDCTTGCLKGLANVQCSDLLKKWLPQRCATFASKIQGQVDKIKGAGGD,0.764,K,P,T,E,N,N,E,D,F,N,I,L,G,V,V,G,N,F,N,A,T,D,S,D,A,D,R,G,K,L,P,G,K,K,L,P,L,E,V,L,K,E,M,E,A,N,A,R,K,A,G,C,T,R,G,C,L,I,C,L,S,H,I,K,C,T,P,K,M,K,K,F,I,P,G,R,C,H,T,Y,E,G,D,K,E,S,A,Q,G,G,I,G,E,A,I,V,D,I,P,E,I,P,G,F,K,D,L,E,P,M,E,Q,F,I,A,Q,V,D,L,C,V,D,C,T,T,G,C,L,K,G,L,A,N,V,Q,C,S,D,L,L,K,K,W,L,P,Q,R,C,A,T,F,A,S,K,I,Q,G,Q,V,D,K,I,K,G,A,G,G,D
KPTENNEDFNIVAVASNFATTDLDADRGKLPGKKLPLEVLKEMEANARNAGCTRGCLICLSKIKCTKKMKKFIPGRCHTYEGDKKIAQGGIGPAIVDIPEIPGFKDMEPMEQFIAQVDLCVDCTTGCLKGLANVQCSDLLKKWLPQRCATFASKIQGQVDKIKGAGGD,0.755,K,P,T,E,N,N,E,D,F,N,I,V,A,V,A,S,N,F,A,T,T,D,L,D,A,D,R,G,K,L,P,G,K,K,L,P,L,E,V,L,K,E,M,E,A,N,A,R,N,A,G,C,T,R,G,C,L,I,C,L,S,K,I,K,C,T,K,K,M,K,K,F,I,P,G,R,C,H,T,Y,E,G,D,K,K,I,A,Q,G,G,I,G,P,A,I,V,D,I,P,E,I,P,G,F,K,D,M,E,P,M,E,Q,F,I,A,Q,V,D,L,C,V,D,C,T,T,G,C,L,K,G,L,A,N,V,Q,C,S,D,L,L,K,K,W,L,P,Q,R,C,A,T,F,A,S,K,I,Q,G,Q,V,D,K,I,K,G,A,G,G,D
KPTENNEDFNIVAVASNFATTDLDADRGKLPGKKLPLEVLKEMEANARKAGCTRGCLICLSKIKCTKKMKKFIPGRCHTYEGDKKIAQGGIGEAIVDIPEIPGFKDLEPMEQFIAQVDLCEDCTTGCLKGLANVQCSDLLKKWLPQRCATFASKIQGQVDKIKGAGGD,0.75,K,P,T,E,N,N,E,D,F,N,I,V,A,V,A,S,N,F,A,T,T,D,L,D,A,D,R,G,K,L,P,G,K,K,L,P,L,E,V,L,K,E,M,E,A,N,A,R,K,A,G,C,T,R,G,C,L,I,C,L,S,K,I,K,C,T,K,K,M,K,K,F,I,P,G,R,C,H,T,Y,E,G,D,K,K,I,A,Q,G,G,I,G,E,A,I,V,D,I,P,E,I,P,G,F,K,D,L,E,P,M,E,Q,F,I,A,Q,V,D,L,C,E,D,C,T,T,G,C,L,K,G,L,A,N,V,Q,C,S,D,L,L,K,K,W,L,P,Q,R,C,A,T,F,A,S,K,I,Q,G,Q,V,D,K,I,K,G,A,G,G,D
KPTENNEDLDIDGVANNFIDTDRDADRGKLPGKKLPLEVLKEMEANARKAGCTRGCLICLSHIKCTPKMKKFIPGRCHTYEGDKESAQGGIGEAIVDIPEIPGFKDLEPMEQFIAQVDLCVDCTTGCLKGLANVQCSDLLKKWLPQRCATFASKIQGQVDKIKGAGGD,0.726,K,P,T,E,N,N,E,D,L,D,I,D,G,V,A,N,N,F,I,D,T,D,R,D,A,D,R,G,K,L,P,G,K,K,L,P,L,E,V,L,K,E,M,E,A,N,A,R,K,A,G,C,T,R,G,C,L,I,C,L,S,H,I,K,C,T,P,K,M,K,K,F,I,P,G,R,C,H,T,Y,E,G,D,K,E,S,A,Q,G,G,I,G,E,A,I,V,D,I,P,E,I,P,G,F,K,D,L,E,P,M,E,Q,F,I,A,Q,V,D,L,C,V,D,C,T,T,G,C,L,K,G,L,A,N,V,Q,C,S,D,L,L,K,K,W,L,P,Q,R,C,A,T,F,A,S,K,I,Q,G,Q,V,D,K,I,K,G,A,G,G,D
KPTENNEDFNIVAVASNFATTDLDADRGKLPGKKLPLEVLKEMEANARRAGCTRGCLICLSHIKCTPKMKKFIPGRCHTYEGDKDSAQGGIGPAIVDIPEIPGFKDLEPMEQFIAQVDLCDDCTTGCLKGLANVQCSDLLKKWLPQRCATFASKIQGQVDKIKGAGGD,0.674,K,P,T,E,N,N,E,D,F,N,I,V,A,V,A,S,N,F,A,T,T,D,L,D,A,D,R,G,K,L,P,G,K,K,L,P,L,E,V,L,K,E,M,E,A,N,A,R,R,A,G,C,T,R,G,C,L,I,C,L,S,H,I,K,C,T,P,K,M,K,K,F,I,P,G,R,C,H,T,Y,E,G,D,K,D,S,A,Q,G,G,I,G,P,A,I,V,D,I,P,E,I,P,G,F,K,D,L,E,P,M,E,Q,F,I,A,Q,V,D,L,C,D,D,C,T,T,G,C,L,K,G,L,A,N,V,Q,C,S,D,L,L,K,K,W,L,P,Q,R,C,A,T,F,A,S,K,I,Q,G,Q,V,D,K,I,K,G,A,G,G,D
KPTENNEDRNIFAVVENFVTTDIDADRGKLPGKKLPLEVLKEMEANARPAGCTRGCLICLSKIKCTLKMKKFIPGRCHTYEGDKSTGQGGIGPAIVDIPEIPGFKDMEPMEQFIAQVDLCEDCTTGCLKGLANVQCSDLLKKWLPQRCATFASKIQGQVDKIKGAGGD,0.665880228,K,P,T,E,N,N,E,D,R,N,I,F,A,V,V,E,N,F,V,T,T,D,I,D,A,D,R,G,K,L,P,G,K,K,L,P,L,E,V,L,K,E,M,E,A,N,A,R,P,A,G,C,T,R,G,C,L,I,C,L,S,K,I,K,C,T,L,K,M,K,K,F,I,P,G,R,C,H,T,Y,E,G,D,K,S,T,G,Q,G,G,I,G,P,A,I,V,D,I,P,E,I,P,G,F,K,D,M,E,P,M,E,Q,F,I,A,Q,V,D,L,C,E,D,C,T,T,G,C,L,K,G,L,A,N,V,Q,C,S,D,L,L,K,K,W,L,P,Q,R,C,A,T,F,A,S,K,I,Q,G,Q,V,D,K,I,K,G,A,G,G,D
KPTENNEDFNIVAVASNFATTDLDADRGKLPGKKLPLEVLKEMEANARNAGCTRGCLICLSHIKCTAKMKKFIPGRCHTYEGDKKIAQGGIGGAIVDIPEIPGFKDMEPMEQFIAQVDLCEDCTTGCLKGLANVQCSDLLKKWLPQRCATFASKIQGQVDKIKGAGGD,0.654,K,P,T,E,N,N,E,D,F,N,I,V,A,V,A,S,N,F,A,T,T,D,L,D,A,D,R,G,K,L,P,G,K,K,L,P,L,E,V,L,K,E,M,E,A,N,A,R,N,A,G,C,T,R,G,C,L,I,C,L,S,H,I,K,C,T,A,K,M,K,K,F,I,P,G,R,C,H,T,Y,E,G,D,K,K,I,A,Q,G,G,I,G,G,A,I,V,D,I,P,E,I,P,G,F,K,D,M,E,P,M,E,Q,F,I,A,Q,V,D,L,C,E,D,C,T,T,G,C,L,K,G,L,A,N,V,Q,C,S,D,L,L,K,K,W,L,P,Q,R,C,A,T,F,A,S,K,I,Q,G,Q,V,D,K,I,K,G,A,G,G,D
KPTENNEDINIVDVVGNFDKTDVDADRGKLPGKKLPLEVLKEMEANARKAGCTRGCLICLSHIKCTPKMKKFIPGRCHTYEGDKESAQGGIGEAIVDIPEIPGFKDLEPMEQFIAQVDLCVDCTTGCLKGLANVQCSDLLKKWLPQRCATFASKIQGQVDKIKGAGGD,0.636,K,P,T,E,N,N,E,D,I,N,I,V,D,V,V,G,N,F,D,K,T,D,V,D,A,D,R,G,K,L,P,G,K,K,L,P,L,E,V,L,K,E,M,E,A,N,A,R,K,A,G,C,T,R,G,C,L,I,C,L,S,H,I,K,C,T,P,K,M,K,K,F,I,P,G,R,C,H,T,Y,E,G,D,K,E,S,A,Q,G,G,I,G,E,A,I,V,D,I,P,E,I,P,G,F,K,D,L,E,P,M,E,Q,F,I,A,Q,V,D,L,C,V,D,C,T,T,G,C,L,K,G,L,A,N,V,Q,C,S,D,L,L,K,K,W,L,P,Q,R,C,A,T,F,A,S,K,I,Q,G,Q,V,D,K,I,K,G,A,G,G,D
KPTENNEDFNIVAVASNFATTDLDADRGKLPGKKLPLEVLKEMEANARRAGCTRGCLICLSHIKCTLKMKKFIPGRCHTYEGDKDTAQGGIGAAIVDIPEIPGFKDLEPMEQFIAQVDLCEDCTTGCLKGLANVQCSDLLKKWLPQRCATFASKIQGQVDKIKGAGGD,0.626,K,P,T,E,N,N,E,D,F,N,I,V,A,V,A,S,N,F,A,T,T,D,L,D,A,D,R,G,K,L,P,G,K,K,L,P,L,E,V,L,K,E,M,E,A,N,A,R,R,A,G,C,T,R,G,C,L,I,C,L,S,H,I,K,C,T,L,K,M,K,K,F,I,P,G,R,C,H,T,Y,E,G,D,K,D,T,A,Q,G,G,I,G,A,A,I,V,D,I,P,E,I,P,G,F,K,D,L,E,P,M,E,Q,F,I,A,Q,V,D,L,C,E,D,C,T,T,G,C,L,K,G,L,A,N,V,Q,C,S,D,L,L,K,K,W,L,P,Q,R,C,A,T,F,A,S,K,I,Q,G,Q,V,D,K,I,K,G,A,G,G,D
KPTENNEDFNIVAVASNFATTDLDADRGKLPGKKLPLEVLKEMEANARKAGCTRGCLICLSHIKCTPKMKKFIPGRCHTYEGDKESALGGIGEAIVDIPEIPGFKDLEPMEQFIAQVDLCVDCTTGCLKGLANVQCSDLLKKWLPQRCATFASKIQGQVDKIKGAGGD,0.558889543,K,P,T,E,N,N,E,D,F,N,I,V,A,V,A,S,N,F,A,T,T,D,L,D,A,D,R,G,K,L,P,G,K,K,L,P,L,E,V,L,K,E,M,E,A,N,A,R,K,A,G,C,T,R,G,C,L,I,C,L,S,H,I,K,C,T,P,K,M,K,K,F,I,P,G,R,C,H,T,Y,E,G,D,K,E,S,A,L,G,G,I,G,E,A,I,V,D,I,P,E,I,P,G,F,K,D,L,E,P,M,E,Q,F,I,A,Q,V,D,L,C,V,D,C,T,T,G,C,L,K,G,L,A,N,V,Q,C,S,D,L,L,K,K,W,L,P,Q,R,C,A,T,F,A,S,K,I,Q,G,Q,V,D,K,I,K,G,A,G,G,D
KPTENNEDFNIVAVASNFATTDLDADRGKLPGKKLPLEVLKEMEANARNAGCTRGCLICLSHIKCTLKMKKFIPGRCHTYEGDKAIGQGGIGPAIVDIPEIPGFKNMEPMEQFIAQVDLCDDCTTGCLKGLANVQCSDLLKKWLPQRCATFASKIQGQVDKIKGAGGD,0.513,K,P,T,E,N,N,E,D,F,N,I,V,A,V,A,S,N,F,A,T,T,D,L,D,A,D,R,G,K,L,P,G,K,K,L,P,L,E,V,L,K,E,M,E,A,N,A,R,N,A,G,C,T,R,G,C,L,I,C,L,S,H,I,K,C,T,L,K,M,K,K,F,I,P,G,R,C,H,T,Y,E,G,D,K,A,I,G,Q,G,G,I,G,P,A,I,V,D,I,P,E,I,P,G,F,K,N,M,E,P,M,E,Q,F,I,A,Q,V,D,L,C,D,D,C,T,T,G,C,L,K,G,L,A,N,V,Q,C,S,D,L,L,K,K,W,L,P,Q,R,C,A,T,F,A,S,K,I,Q,G,Q,V,D,K,I,K,G,A,G,G,D
KPTENNEDFDILGVVRNFINTDTDADRGKLPGKKLPLEVLKEMEANARSAGCTRGCLICLSKIKCTLKMKKFIPGRCHTYEGDKSTGQGGIVPAIVDIPEIPGFKDMEPMEQFIAQVDLCEDCTTGCLKGLANVQCSDLLKKWLPQRCATFASKIQGQVDKIKGAGGD,0.497022986,K,P,T,E,N,N,E,D,F,D,I,L,G,V,V,R,N,F,I,N,T,D,T,D,A,D,R,G,K,L,P,G,K,K,L,P,L,E,V,L,K,E,M,E,A,N,A,R,S,A,G,C,T,R,G,C,L,I,C,L,S,K,I,K,C,T,L,K,M,K,K,F,I,P,G,R,C,H,T,Y,E,G,D,K,S,T,G,Q,G,G,I,V,P,A,I,V,D,I,P,E,I,P,G,F,K,D,M,E,P,M,E,Q,F,I,A,Q,V,D,L,C,E,D,C,T,T,G,C,L,K,G,L,A,N,V,Q,C,S,D,L,L,K,K,W,L,P,Q,R,C,A,T,F,A,S,K,I,Q,G,Q,V,D,K,I,K,G,A,G,G,D
KPTENNEDFNIVAVASNFATTDLDADRGKLPGKKLPLEVLKEMEANARKAGCTRGCLICLSHIKCTPKMKKFIPGRCHTYEGDKESATGGIGEAIVDIPEIPGFKDLEPMEQFIAQVDLCVDCTTGCLKGLANVQCSDLLKKWLPQRCATFASKIQGQVDKIKGAGGD,0.491360609,K,P,T,E,N,N,E,D,F,N,I,V,A,V,A,S,N,F,A,T,T,D,L,D,A,D,R,G,K,L,P,G,K,K,L,P,L,E,V,L,K,E,M,E,A,N,A,R,K,A,G,C,T,R,G,C,L,I,C,L,S,H,I,K,C,T,P,K,M,K,K,F,I,P,G,R,C,H,T,Y,E,G,D,K,E,S,A,T,G,G,I,G,E,A,I,V,D,I,P,E,I,P,G,F,K,D,L,E,P,M,E,Q,F,I,A,Q,V,D,L,C,V,D,C,T,T,G,C,L,K,G,L,A,N,V,Q,C,S,D,L,L,K,K,W,L,P,Q,R,C,A,T,F,A,S,K,I,Q,G,Q,V,D,K,I,K,G,A,G,G,D
KPTENNEDFNIVAVASNFATTDLDADRGKLPGKKLPLEVLKEMEANARKAGCTRGCLICLSHIKCTAKMKKFIPGRCHTYEGDKAIAQGGIGEAIVDIPEIPGFKLLEPMEQFIAQVDLCDDCTTGCLKGLANVQCSDLLKKWLPQRCATFASKIQGQVDKIKGAGGD,0.473,K,P,T,E,N,N,E,D,F,N,I,V,A,V,A,S,N,F,A,T,T,D,L,D,A,D,R,G,K,L,P,G,K,K,L,P,L,E,V,L,K,E,M,E,A,N,A,R,K,A,G,C,T,R,G,C,L,I,C,L,S,H,I,K,C,T,A,K,M,K,K,F,I,P,G,R,C,H,T,Y,E,G,D,K,A,I,A,Q,G,G,I,G,E,A,I,V,D,I,P,E,I,P,G,F,K,L,L,E,P,M,E,Q,F,I,A,Q,V,D,L,C,D,D,C,T,T,G,C,L,K,G,L,A,N,V,Q,C,S,D,L,L,K,K,W,L,P,Q,R,C,A,T,F,A,S,K,I,Q,G,Q,V,D,K,I,K,G,A,G,G,D
KPTENNEDRNIDGVDSNFIATDRDADRGKLPGKKLPLEVLKEMEANARKAGCTRGCLICLSHIKCTPKMKKFIPGRCHTYEGDKESAQGGIGEAIVDIPEIPGFKDLEPMEQFIAQVDLCVDCTTGCLKGLANVQCSDLLKKWLPQRCATFASKIQGQVDKIKGAGGD,0.453,K,P,T,E,N,N,E,D,R,N,I,D,G,V,D,S,N,F,I,A,T,D,R,D,A,D,R,G,K,L,P,G,K,K,L,P,L,E,V,L,K,E,M,E,A,N,A,R,K,A,G,C,T,R,G,C,L,I,C,L,S,H,I,K,C,T,P,K,M,K,K,F,I,P,G,R,C,H,T,Y,E,G,D,K,E,S,A,Q,G,G,I,G,E,A,I,V,D,I,P,E,I,P,G,F,K,D,L,E,P,M,E,Q,F,I,A,Q,V,D,L,C,V,D,C,T,T,G,C,L,K,G,L,A,N,V,Q,C,S,D,L,L,K,K,W,L,P,Q,R,C,A,T,F,A,S,K,I,Q,G,Q,V,D,K,I,K,G,A,G,G,D
KPTENNEDRNIRVLAGNFVRTDLDADRGKLPGKKLPLEVLKEMEANARKAGCTRGCLICLSHIKCTPKMKKFIPGRCHTYEGDKESAQGGIGEAIVDIPEIPGFKDLEPMEQFIAQVDLCVDCTTGCLKGLANVQCSDLLKKWLPQRCATFASKIQGQVDKIKGAGGD,0.423,K,P,T,E,N,N,E,D,R,N,I,R,V,L,A,G,N,F,V,R,T,D,L,D,A,D,R,G,K,L,P,G,K,K,L,P,L,E,V,L,K,E,M,E,A,N,A,R,K,A,G,C,T,R,G,C,L,I,C,L,S,H,I,K,C,T,P,K,M,K,K,F,I,P,G,R,C,H,T,Y,E,G,D,K,E,S,A,Q,G,G,I,G,E,A,I,V,D,I,P,E,I,P,G,F,K,D,L,E,P,M,E,Q,F,I,A,Q,V,D,L,C,V,D,C,T,T,G,C,L,K,G,L,A,N,V,Q,C,S,D,L,L,K,K,W,L,P,Q,R,C,A,T,F,A,S,K,I,Q,G,Q,V,D,K,I,K,G,A,G,G,D
KPTENNEDSNIEAVVNNFAETDGDADRGKLPGKKLPLEVLKEMEANARKAGCTRGCLICLSHIKCTPKMKKFIPGRCHTYEGDKESAQGGIGEAIVDIPEIPGFKDLEPMEQFIAQVDLCVDCTTGCLKGLANVQCSDLLKKWLPQRCATFASKIQGQVDKIKGAGGD,0.418523207,K,P,T,E,N,N,E,D,S,N,I,E,A,V,V,N,N,F,A,E,T,D,G,D,A,D,R,G,K,L,P,G,K,K,L,P,L,E,V,L,K,E,M,E,A,N,A,R,K,A,G,C,T,R,G,C,L,I,C,L,S,H,I,K,C,T,P,K,M,K,K,F,I,P,G,R,C,H,T,Y,E,G,D,K,E,S,A,Q,G,G,I,G,E,A,I,V,D,I,P,E,I,P,G,F,K,D,L,E,P,M,E,Q,F,I,A,Q,V,D,L,C,V,D,C,T,T,G,C,L,K,G,L,A,N,V,Q,C,S,D,L,L,K,K,W,L,P,Q,R,C,A,T,F,A,S,K,I,Q,G,Q,V,D,K,I,K,G,A,G,G,D
KPTENNEDFNIVAVASNFATTDLDADRGKLPGKKLPLEVLKEMEANARRAGCTRGCLICLSKIKCTKKMKKFIPGRCHTYEGDKDIGQGGIGEAIVDIPEIPGFKDMEPMEQFIAQVDLCEDCTTGCLKGLANVQCSDLLKKWLPQRCATFASKIQGQVDKIKGAGGD,0.407,K,P,T,E,N,N,E,D,F,N,I,V,A,V,A,S,N,F,A,T,T,D,L,D,A,D,R,G,K,L,P,G,K,K,L,P,L,E,V,L,K,E,M,E,A,N,A,R,R,A,G,C,T,R,G,C,L,I,C,L,S,K,I,K,C,T,K,K,M,K,K,F,I,P,G,R,C,H,T,Y,E,G,D,K,D,I,G,Q,G,G,I,G,E,A,I,V,D,I,P,E,I,P,G,F,K,D,M,E,P,M,E,Q,F,I,A,Q,V,D,L,C,E,D,C,T,T,G,C,L,K,G,L,A,N,V,Q,C,S,D,L,L,K,K,W,L,P,Q,R,C,A,T,F,A,S,K,I,Q,G,Q,V,D,K,I,K,G,A,G,G,D
KPTENNEDLNIAAIDRNFNETDPDADRGKLPGKKLPLEVLKEMEANARKAGCTRGCLICLSHIKCTPKMKKFIPGRCHTYEGDKESAQGGIGEAIVDIPEIPGFKDLEPMEQFIAQVDLCVDCTTGCLKGLANVQCSDLLKKWLPQRCATFASKIQGQVDKIKGAGGD,0.406,K,P,T,E,N,N,E,D,L,N,I,A,A,I,D,R,N,F,N,E,T,D,P,D,A,D,R,G,K,L,P,G,K,K,L,P,L,E,V,L,K,E,M,E,A,N,A,R,K,A,G,C,T,R,G,C,L,I,C,L,S,H,I,K,C,T,P,K,M,K,K,F,I,P,G,R,C,H,T,Y,E,G,D,K,E,S,A,Q,G,G,I,G,E,A,I,V,D,I,P,E,I,P,G,F,K,D,L,E,P,M,E,Q,F,I,A,Q,V,D,L,C,V,D,C,T,T,G,C,L,K,G,L,A,N,V,Q,C,S,D,L,L,K,K,W,L,P,Q,R,C,A,T,F,A,S,K,I,Q,G,Q,V,D,K,I,K,G,A,G,G,D
KPTENNEDFNIVAQAMNFATTDLDADRGKLPGKKLPLEVLKEMEANARKAGCTRGCLICLSKIKCTLKMKKFIPGRCHTYEGDKSTGQGGIGPAIVDIPEIPGFKDMEPMEQFIAQVDLCEDCTTGCLKGLANVQCSDLLKKWLPQRCATFASKIQGQVDKIKGAGGD,0.399334365,K,P,T,E,N,N,E,D,F,N,I,V,A,Q,A,M,N,F,A,T,T,D,L,D,A,D,R,G,K,L,P,G,K,K,L,P,L,E,V,L,K,E,M,E,A,N,A,R,K,A,G,C,T,R,G,C,L,I,C,L,S,K,I,K,C,T,L,K,M,K,K,F,I,P,G,R,C,H,T,Y,E,G,D,K,S,T,G,Q,G,G,I,G,P,A,I,V,D,I,P,E,I,P,G,F,K,D,M,E,P,M,E,Q,F,I,A,Q,V,D,L,C,E,D,C,T,T,G,C,L,K,G,L,A,N,V,Q,C,S,D,L,L,K,K,W,L,P,Q,R,C,A,T,F,A,S,K,I,Q,G,Q,V,D,K,I,K,G,A,G,G,D
KPTENNEDFNIVAVASNFATTDLDADRGKLPGKKLPLEVLKEMEANARKAGCTRGCLICLSHIKCTPKMKKFIPGRCHTYEGDKESAAGGIGEAIVDIPEIPGFKDLEPMEQFIAQVDLCVDCTTGCLKGLANVQCSDLLKKWLPQRCATFASKIQGQVDKIKGAGGD,0.380776422,K,P,T,E,N,N,E,D,F,N,I,V,A,V,A,S,N,F,A,T,T,D,L,D,A,D,R,G,K,L,P,G,K,K,L,P,L,E,V,L,K,E,M,E,A,N,A,R,K,A,G,C,T,R,G,C,L,I,C,L,S,H,I,K,C,T,P,K,M,K,K,F,I,P,G,R,C,H,T,Y,E,G,D,K,E,S,A,A,G,G,I,G,E,A,I,V,D,I,P,E,I,P,G,F,K,D,L,E,P,M,E,Q,F,I,A,Q,V,D,L,C,V,D,C,T,T,G,C,L,K,G,L,A,N,V,Q,C,S,D,L,L,K,K,W,L,P,Q,R,C,A,T,F,A,S,K,I,Q,G,Q,V,D,K,I,K,G,A,G,G,D
KPTENNEDFNIVAVASNFATTDLDADRGKLPGKKLPLEVLKEMEANARKAGCTRGCLICLSHIKCTAKMKKFIPGRCHTYEGDKSTGQGGIGAAIVDIPEIPGFKDMEPMEQFIAQVDLCEDCTTGCLKGLANVQCSDLLKKWLPQRCATFASKIQGQVDKIKGAGGD,0.375,K,P,T,E,N,N,E,D,F,N,I,V,A,V,A,S,N,F,A,T,T,D,L,D,A,D,R,G,K,L,P,G,K,K,L,P,L,E,V,L,K,E,M,E,A,N,A,R,K,A,G,C,T,R,G,C,L,I,C,L,S,H,I,K,C,T,A,K,M,K,K,F,I,P,G,R,C,H,T,Y,E,G,D,K,S,T,G,Q,G,G,I,G,A,A,I,V,D,I,P,E,I,P,G,F,K,D,M,E,P,M,E,Q,F,I,A,Q,V,D,L,C,E,D,C,T,T,G,C,L,K,G,L,A,N,V,Q,C,S,D,L,L,K,K,W,L,P,Q,R,C,A,T,F,A,S,K,I,Q,G,Q,V,D,K,I,K,G,A,G,G,D
KPTENNEDFNIVAVASNFATTDLDADRGKLPGKKLPLEVLKEMEANARKAGCTRGCLICLSHIKCTPKMKKFIPGRCHTYEGDKESAWGGIGEAIVDIPEIPGFKDLEPMEQFIAQVDLCVDCTTGCLKGLANVQCSDLLKKWLPQRCATFASKIQGQVDKIKGAGGD,0.369781729,K,P,T,E,N,N,E,D,F,N,I,V,A,V,A,S,N,F,A,T,T,D,L,D,A,D,R,G,K,L,P,G,K,K,L,P,L,E,V,L,K,E,M,E,A,N,A,R,K,A,G,C,T,R,G,C,L,I,C,L,S,H,I,K,C,T,P,K,M,K,K,F,I,P,G,R,C,H,T,Y,E,G,D,K,E,S,A,W,G,G,I,G,E,A,I,V,D,I,P,E,I,P,G,F,K,D,L,E,P,M,E,Q,F,I,A,Q,V,D,L,C,V,D,C,T,T,G,C,L,K,G,L,A,N,V,Q,C,S,D,L,L,K,K,W,L,P,Q,R,C,A,T,F,A,S,K,I,Q,G,Q,V,D,K,I,K,G,A,G,G,D
KPTENNEDFNIVAVASNFATTDLDADRGKLPGKKLPLEVLKEMEANARNAGCTRGCLICLSHIKCTKKMKKFIPGRCHTYEGDKETGQGGIGGAIVDIPEIPGFKNMEPMEQFIAQVDLCEDCTTGCLKGLANVQCSDLLKKWLPQRCATFASKIQGQVDKIKGAGGD,0.347696203,K,P,T,E,N,N,E,D,F,N,I,V,A,V,A,S,N,F,A,T,T,D,L,D,A,D,R,G,K,L,P,G,K,K,L,P,L,E,V,L,K,E,M,E,A,N,A,R,N,A,G,C,T,R,G,C,L,I,C,L,S,H,I,K,C,T,K,K,M,K,K,F,I,P,G,R,C,H,T,Y,E,G,D,K,E,T,G,Q,G,G,I,G,G,A,I,V,D,I,P,E,I,P,G,F,K,N,M,E,P,M,E,Q,F,I,A,Q,V,D,L,C,E,D,C,T,T,G,C,L,K,G,L,A,N,V,Q,C,S,D,L,L,K,K,W,L,P,Q,R,C,A,T,F,A,S,K,I,Q,G,Q,V,D,K,I,K,G,A,G,G,D
KPTENNEDTDIPGIGINFILTDIDADRGKLPGKKLPLEVLKEMEANARKAGCTRGCLICLSHIKCTPKMKKFIPGRCHTYEGDKESAQGGIGEAIVDIPEIPGFKDLEPMEQFIAQVDLCVDCTTGCLKGLANVQCSDLLKKWLPQRCATFASKIQGQVDKIKGAGGD,0.231,K,P,T,E,N,N,E,D,T,D,I,P,G,I,G,I,N,F,I,L,T,D,I,D,A,D,R,G,K,L,P,G,K,K,L,P,L,E,V,L,K,E,M,E,A,N,A,R,K,A,G,C,T,R,G,C,L,I,C,L,S,H,I,K,C,T,P,K,M,K,K,F,I,P,G,R,C,H,T,Y,E,G,D,K,E,S,A,Q,G,G,I,G,E,A,I,V,D,I,P,E,I,P,G,F,K,D,L,E,P,M,E,Q,F,I,A,Q,V,D,L,C,V,D,C,T,T,G,C,L,K,G,L,A,N,V,Q,C,S,D,L,L,K,K,W,L,P,Q,R,C,A,T,F,A,S,K,I,Q,G,Q,V,D,K,I,K,G,A,G,G,D
KPTENNEDYYIAGVAVNFVSTDGDADRGKLPGKKLPLEVLKEMEANARKAGCTRGCLICLSHIKCTPKMKKFIPGRCHTYEGDKESAQGGIGEAIVDIPEIPGFKDLEPMEQFIAQVDLCVDCTTGCLKGLANVQCSDLLKKWLPQRCATFASKIQGQVDKIKGAGGD,0.219,K,P,T,E,N,N,E,D,Y,Y,I,A,G,V,A,V,N,F,V,S,T,D,G,D,A,D,R,G,K,L,P,G,K,K,L,P,L,E,V,L,K,E,M,E,A,N,A,R,K,A,G,C,T,R,G,C,L,I,C,L,S,H,I,K,C,T,P,K,M,K,K,F,I,P,G,R,C,H,T,Y,E,G,D,K,E,S,A,Q,G,G,I,G,E,A,I,V,D,I,P,E,I,P,G,F,K,D,L,E,P,M,E,Q,F,I,A,Q,V,D,L,C,V,D,C,T,T,G,C,L,K,G,L,A,N,V,Q,C,S,D,L,L,K,K,W,L,P,Q,R,C,A,T,F,A,S,K,I,Q,G,Q,V,D,K,I,K,G,A,G,G,D
KPTENNEDCDILAVVSNFIATDIDADRGKLPGKKLPLEVLKEMEANARKAGCTRGCLICLSHIKCTPKMKKFIPGRCHTYEGDKESAQGGIGEAIVDIPEIPGFKDLEPMEQFIAQVDLCVDCTTGCLKGLANVQCSDLLKKWLPQRCATFASKIQGQVDKIKGAGGD,0.203,K,P,T,E,N,N,E,D,C,D,I,L,A,V,V,S,N,F,I,A,T,D,I,D,A,D,R,G,K,L,P,G,K,K,L,P,L,E,V,L,K,E,M,E,A,N,A,R,K,A,G,C,T,R,G,C,L,I,C,L,S,H,I,K,C,T,P,K,M,K,K,F,I,P,G,R,C,H,T,Y,E,G,D,K,E,S,A,Q,G,G,I,G,E,A,I,V,D,I,P,E,I,P,G,F,K,D,L,E,P,M,E,Q,F,I,A,Q,V,D,L,C,V,D,C,T,T,G,C,L,K,G,L,A,N,V,Q,C,S,D,L,L,K,K,W,L,P,Q,R,C,A,T,F,A,S,K,I,Q,G,Q,V,D,K,I,K,G,A,G,G,D
KPTENNEDFNIVAVASNFATTDLDADRGKLPGKKLPLEVLKEMEANARKAGCTRGCLICLSKIKCTAKMKKFIPGRCHTYEGDKDTAQGGIGPAIVDIPEIPGFKDMEPMEQFIAQVDLCVDCTTGCLKGLANVQCSDLLKKWLPQRCATFASKIQGQVDKIKGAGGD,0.198,K,P,T,E,N,N,E,D,F,N,I,V,A,V,A,S,N,F,A,T,T,D,L,D,A,D,R,G,K,L,P,G,K,K,L,P,L,E,V,L,K,E,M,E,A,N,A,R,K,A,G,C,T,R,G,C,L,I,C,L,S,K,I,K,C,T,A,K,M,K,K,F,I,P,G,R,C,H,T,Y,E,G,D,K,D,T,A,Q,G,G,I,G,P,A,I,V,D,I,P,E,I,P,G,F,K,D,M,E,P,M,E,Q,F,I,A,Q,V,D,L,C,V,D,C,T,T,G,C,L,K,G,L,A,N,V,Q,C,S,D,L,L,K,K,W,L,P,Q,R,C,A,T,F,A,S,K,I,Q,G,Q,V,D,K,I,K,G,A,G,G,D
KPTENNEDFNIVAVASNFATTDLDADRGKLPGKKLPLEVLKEMEANARKAGCTRGCLICLSHIKCTAKMKKFIPGRCHTYEGDKATAQGGIGAAIVDIPEIPGFKDLEPMEQFIAQVDLCDDCTTGCLKGLANVQCSDLLKKWLPQRCATFASKIQGQVDKIKGAGGD,0.174,K,P,T,E,N,N,E,D,F,N,I,V,A,V,A,S,N,F,A,T,T,D,L,D,A,D,R,G,K,L,P,G,K,K,L,P,L,E,V,L,K,E,M,E,A,N,A,R,K,A,G,C,T,R,G,C,L,I,C,L,S,H,I,K,C,T,A,K,M,K,K,F,I,P,G,R,C,H,T,Y,E,G,D,K,A,T,A,Q,G,G,I,G,A,A,I,V,D,I,P,E,I,P,G,F,K,D,L,E,P,M,E,Q,F,I,A,Q,V,D,L,C,D,D,C,T,T,G,C,L,K,G,L,A,N,V,Q,C,S,D,L,L,K,K,W,L,P,Q,R,C,A,T,F,A,S,K,I,Q,G,Q,V,D,K,I,K,G,A,G,G,D
KPTENNEDFNIVAVASNFATTDLDADRGKLPGKKLPLEVLKEMEANARNAGCTRGCLICLSHIKCTLKMKKFIPGRCHTYEGDKKSAQGGIGPAIVDIPEIPGFKNLEPMEQFIAQVDLCVDCTTGCLKGLANVQCSDLLKKWLPQRCATFASKIQGQVDKIKGAGGD,0.172,K,P,T,E,N,N,E,D,F,N,I,V,A,V,A,S,N,F,A,T,T,D,L,D,A,D,R,G,K,L,P,G,K,K,L,P,L,E,V,L,K,E,M,E,A,N,A,R,N,A,G,C,T,R,G,C,L,I,C,L,S,H,I,K,C,T,L,K,M,K,K,F,I,P,G,R,C,H,T,Y,E,G,D,K,K,S,A,Q,G,G,I,G,P,A,I,V,D,I,P,E,I,P,G,F,K,N,L,E,P,M,E,Q,F,I,A,Q,V,D,L,C,V,D,C,T,T,G,C,L,K,G,L,A,N,V,Q,C,S,D,L,L,K,K,W,L,P,Q,R,C,A,T,F,A,S,K,I,Q,G,Q,V,D,K,I,K,G,A,G,G,D
KPTENNEDFNIVAVASNFATTDLDADRGKLPGKKLPLEVLKEMEANARSAGCTRGCLICLSHIKCTAKMKKFIPGRCHTYEGDKDTAQGGIGPAIVDIPEIPGFKDLEPMEQFIAQVDLCDDCTTGCLKGLANVQCSDLLKKWLPQRCATFASKIQGQVDKIKGAGGD,0.160970464,K,P,T,E,N,N,E,D,F,N,I,V,A,V,A,S,N,F,A,T,T,D,L,D,A,D,R,G,K,L,P,G,K,K,L,P,L,E,V,L,K,E,M,E,A,N,A,R,S,A,G,C,T,R,G,C,L,I,C,L,S,H,I,K,C,T,A,K,M,K,K,F,I,P,G,R,C,H,T,Y,E,G,D,K,D,T,A,Q,G,G,I,G,P,A,I,V,D,I,P,E,I,P,G,F,K,D,L,E,P,M,E,Q,F,I,A,Q,V,D,L,C,D,D,C,T,T,G,C,L,K,G,L,A,N,V,Q,C,S,D,L,L,K,K,W,L,P,Q,R,C,A,T,F,A,S,K,I,Q,G,Q,V,D,K,I,K,G,A,G,G,D
KPTENNEDRYIEGVDRNFGMTDPDADRGKLPGKKLPLEVLKEMEANARKAGCTRGCLICLSHIKCTPKMKKFIPGRCHTYEGDKESAQGGIGEAIVDIPEIPGFKDLEPMEQFIAQVDLCVDCTTGCLKGLANVQCSDLLKKWLPQRCATFASKIQGQVDKIKGAGGD,0.152,K,P,T,E,N,N,E,D,R,Y,I,E,G,V,D,R,N,F,G,M,T,D,P,D,A,D,R,G,K,L,P,G,K,K,L,P,L,E,V,L,K,E,M,E,A,N,A,R,K,A,G,C,T,R,G,C,L,I,C,L,S,H,I,K,C,T,P,K,M,K,K,F,I,P,G,R,C,H,T,Y,E,G,D,K,E,S,A,Q,G,G,I,G,E,A,I,V,D,I,P,E,I,P,G,F,K,D,L,E,P,M,E,Q,F,I,A,Q,V,D,L,C,V,D,C,T,T,G,C,L,K,G,L,A,N,V,Q,C,S,D,L,L,K,K,W,L,P,Q,R,C,A,T,F,A,S,K,I,Q,G,Q,V,D,K,I,K,G,A,G,G,D
KPTENNEDFDIYGLVKNFDTTDVDADRGKLPGKKLPLEVLKEMEANARKAGCTRGCLICLSHIKCTPKMKKFIPGRCHTYEGDKESAQGGIGEAIVDIPEIPGFKDLEPMEQFIAQVDLCVDCTTGCLKGLANVQCSDLLKKWLPQRCATFASKIQGQVDKIKGAGGD,0.146,K,P,T,E,N,N,E,D,F,D,I,Y,G,L,V,K,N,F,D,T,T,D,V,D,A,D,R,G,K,L,P,G,K,K,L,P,L,E,V,L,K,E,M,E,A,N,A,R,K,A,G,C,T,R,G,C,L,I,C,L,S,H,I,K,C,T,P,K,M,K,K,F,I,P,G,R,C,H,T,Y,E,G,D,K,E,S,A,Q,G,G,I,G,E,A,I,V,D,I,P,E,I,P,G,F,K,D,L,E,P,M,E,Q,F,I,A,Q,V,D,L,C,V,D,C,T,T,G,C,L,K,G,L,A,N,V,Q,C,S,D,L,L,K,K,W,L,P,Q,R,C,A,T,F,A,S,K,I,Q,G,Q,V,D,K,I,K,G,A,G,G,D
KPTENNEDFNIVGIVGNFNDTDRDADRGKLPGKKLPLEVLKEMEANARKAGCTRGCLICLSHIKCTPKMKKFIPGRCHTYEGDKESAQGGIGEAIVDIPEIPGFKDLEPMEQFIAQVDLCVDCTTGCLKGLANVQCSDLLKKWLPQRCATFASKIQGQVDKIKGAGGD,0.138,K,P,T,E,N,N,E,D,F,N,I,V,G,I,V,G,N,F,N,D,T,D,R,D,A,D,R,G,K,L,P,G,K,K,L,P,L,E,V,L,K,E,M,E,A,N,A,R,K,A,G,C,T,R,G,C,L,I,C,L,S,H,I,K,C,T,P,K,M,K,K,F,I,P,G,R,C,H,T,Y,E,G,D,K,E,S,A,Q,G,G,I,G,E,A,I,V,D,I,P,E,I,P,G,F,K,D,L,E,P,M,E,Q,F,I,A,Q,V,D,L,C,V,D,C,T,T,G,C,L,K,G,L,A,N,V,Q,C,S,D,L,L,K,K,W,L,P,Q,R,C,A,T,F,A,S,K,I,Q,G,Q,V,D,K,I,K,G,A,G,G,D
KPTENNEDFNIVAVASNFATTDLDADRGKLPGKKLPLEVLKEMEANARNAGCTRGCLICLSHIKCTPKMKKFIPGRCHTYEGDKDTAQGGIGGAIVDIPEIPGFKDMEPMEQFIAQVDLCEDCTTGCLKGLANVQCSDLLKKWLPQRCATFASKIQGQVDKIKGAGGD,0.134,K,P,T,E,N,N,E,D,F,N,I,V,A,V,A,S,N,F,A,T,T,D,L,D,A,D,R,G,K,L,P,G,K,K,L,P,L,E,V,L,K,E,M,E,A,N,A,R,N,A,G,C,T,R,G,C,L,I,C,L,S,H,I,K,C,T,P,K,M,K,K,F,I,P,G,R,C,H,T,Y,E,G,D,K,D,T,A,Q,G,G,I,G,G,A,I,V,D,I,P,E,I,P,G,F,K,D,M,E,P,M,E,Q,F,I,A,Q,V,D,L,C,E,D,C,T,T,G,C,L,K,G,L,A,N,V,Q,C,S,D,L,L,K,K,W,L,P,Q,R,C,A,T,F,A,S,K,I,Q,G,Q,V,D,K,I,K,G,A,G,G,D
KPTENNEDCDIVDVVRNFTTTDLDADRGKLPGKKLPLEVLKEMEANARKAGCTRGCLICLSHIKCTPKMKKFIPGRCHTYEGDKESAQGGIGEAIVDIPEIPGFKDLEPMEQFIAQVDLCVDCTTGCLKGLANVQCSDLLKKWLPQRCATFASKIQGQVDKIKGAGGD,0.126,K,P,T,E,N,N,E,D,C,D,I,V,D,V,V,R,N,F,T,T,T,D,L,D,A,D,R,G,K,L,P,G,K,K,L,P,L,E,V,L,K,E,M,E,A,N,A,R,K,A,G,C,T,R,G,C,L,I,C,L,S,H,I,K,C,T,P,K,M,K,K,F,I,P,G,R,C,H,T,Y,E,G,D,K,E,S,A,Q,G,G,I,G,E,A,I,V,D,I,P,E,I,P,G,F,K,D,L,E,P,M,E,Q,F,I,A,Q,V,D,L,C,V,D,C,T,T,G,C,L,K,G,L,A,N,V,Q,C,S,D,L,L,K,K,W,L,P,Q,R,C,A,T,F,A,S,K,I,Q,G,Q,V,D,K,I,K,G,A,G,G,D
KPTENNEDFNIVAVASNFATTDLDADRGKLPGKKLPLEVLKEMEANARRAGCTRGCLICLSHIKCTAKMKKFIPGRCHTYEGDKAIGQGGIGAAIVDIPEIPGFKDLEPMEQFIAQVDLCVDCTTGCLKGLANVQCSDLLKKWLPQRCATFASKIQGQVDKIKGAGGD,0.122,K,P,T,E,N,N,E,D,F,N,I,V,A,V,A,S,N,F,A,T,T,D,L,D,A,D,R,G,K,L,P,G,K,K,L,P,L,E,V,L,K,E,M,E,A,N,A,R,R,A,G,C,T,R,G,C,L,I,C,L,S,H,I,K,C,T,A,K,M,K,K,F,I,P,G,R,C,H,T,Y,E,G,D,K,A,I,G,Q,G,G,I,G,A,A,I,V,D,I,P,E,I,P,G,F,K,D,L,E,P,M,E,Q,F,I,A,Q,V,D,L,C,V,D,C,T,T,G,C,L,K,G,L,A,N,V,Q,C,S,D,L,L,K,K,W,L,P,Q,R,C,A,T,F,A,S,K,I,Q,G,Q,V,D,K,I,K,G,A,G,G,D
KPTENNEDSYICAVGENFQGTDTDADRGKLPGKKLPLEVLKEMEANARKAGCTRGCLICLSHIKCTPKMKKFIPGRCHTYEGDKESAQGGIGEAIVDIPEIPGFKDLEPMEQFIAQVDLCVDCTTGCLKGLANVQCSDLLKKWLPQRCATFASKIQGQVDKIKGAGGD,0.119,K,P,T,E,N,N,E,D,S,Y,I,C,A,V,G,E,N,F,Q,G,T,D,T,D,A,D,R,G,K,L,P,G,K,K,L,P,L,E,V,L,K,E,M,E,A,N,A,R,K,A,G,C,T,R,G,C,L,I,C,L,S,H,I,K,C,T,P,K,M,K,K,F,I,P,G,R,C,H,T,Y,E,G,D,K,E,S,A,Q,G,G,I,G,E,A,I,V,D,I,P,E,I,P,G,F,K,D,L,E,P,M,E,Q,F,I,A,Q,V,D,L,C,V,D,C,T,T,G,C,L,K,G,L,A,N,V,Q,C,S,D,L,L,K,K,W,L,P,Q,R,C,A,T,F,A,S,K,I,Q,G,Q,V,D,K,I,K,G,A,G,G,D
KPTENNEDFNIVAVASNFATTDLDADRGKLPGKKLPLEVLKEMEANARKAGCTRGCLICLSHIKCTPKMKKFIPGRCHTYEGDKKTGQGGIGGAIVDIPEIPGFKDLEPMEQFIAQVDLCDDCTTGCLKGLANVQCSDLLKKWLPQRCATFASKIQGQVDKIKGAGGD,0.106,K,P,T,E,N,N,E,D,F,N,I,V,A,V,A,S,N,F,A,T,T,D,L,D,A,D,R,G,K,L,P,G,K,K,L,P,L,E,V,L,K,E,M,E,A,N,A,R,K,A,G,C,T,R,G,C,L,I,C,L,S,H,I,K,C,T,P,K,M,K,K,F,I,P,G,R,C,H,T,Y,E,G,D,K,K,T,G,Q,G,G,I,G,G,A,I,V,D,I,P,E,I,P,G,F,K,D,L,E,P,M,E,Q,F,I,A,Q,V,D,L,C,D,D,C,T,T,G,C,L,K,G,L,A,N,V,Q,C,S,D,L,L,K,K,W,L,P,Q,R,C,A,T,F,A,S,K,I,Q,G,Q,V,D,K,I,K,G,A,G,G,D
KPTENNEDNNISDVADNFTATDGDADRGKLPGKKLPLEVLKEMEANARKAGCTRGCLICLSHIKCTPKMKKFIPGRCHTYEGDKESAQGGIGEAIVDIPEIPGFKDLEPMEQFIAQVDLCVDCTTGCLKGLANVQCSDLLKKWLPQRCATFASKIQGQVDKIKGAGGD,0.098,K,P,T,E,N,N,E,D,N,N,I,S,D,V,A,D,N,F,T,A,T,D,G,D,A,D,R,G,K,L,P,G,K,K,L,P,L,E,V,L,K,E,M,E,A,N,A,R,K,A,G,C,T,R,G,C,L,I,C,L,S,H,I,K,C,T,P,K,M,K,K,F,I,P,G,R,C,H,T,Y,E,G,D,K,E,S,A,Q,G,G,I,G,E,A,I,V,D,I,P,E,I,P,G,F,K,D,L,E,P,M,E,Q,F,I,A,Q,V,D,L,C,V,D,C,T,T,G,C,L,K,G,L,A,N,V,Q,C,S,D,L,L,K,K,W,L,P,Q,R,C,A,T,F,A,S,K,I,Q,G,Q,V,D,K,I,K,G,A,G,G,D
KPTENNEDFNIVAVASNFATTDLDADRGKLPGKKLPLEVLKEMEANARKAGCTRGCLICLSKIKCTLKMKKFIPGRCHTYEGDKESAQGGIGEAIVDIPEIPGFKDLEPMEQFIAQVDLCDDCTTGCLKGLANVQCSDLLKKWLPQRCATFASKIQGQVDKIKGAGGD,0.094,K,P,T,E,N,N,E,D,F,N,I,V,A,V,A,S,N,F,A,T,T,D,L,D,A,D,R,G,K,L,P,G,K,K,L,P,L,E,V,L,K,E,M,E,A,N,A,R,K,A,G,C,T,R,G,C,L,I,C,L,S,K,I,K,C,T,L,K,M,K,K,F,I,P,G,R,C,H,T,Y,E,G,D,K,E,S,A,Q,G,G,I,G,E,A,I,V,D,I,P,E,I,P,G,F,K,D,L,E,P,M,E,Q,F,I,A,Q,V,D,L,C,D,D,C,T,T,G,C,L,K,G,L,A,N,V,Q,C,S,D,L,L,K,K,W,L,P,Q,R,C,A,T,F,A,S,K,I,Q,G,Q,V,D,K,I,K,G,A,G,G,D
KPTENNEDGYICVLAGNFRATDADADRGKLPGKKLPLEVLKEMEANARKAGCTRGCLICLSHIKCTPKMKKFIPGRCHTYEGDKESAQGGIGEAIVDIPEIPGFKDLEPMEQFIAQVDLCVDCTTGCLKGLANVQCSDLLKKWLPQRCATFASKIQGQVDKIKGAGGD,0.088,K,P,T,E,N,N,E,D,G,Y,I,C,V,L,A,G,N,F,R,A,T,D,A,D,A,D,R,G,K,L,P,G,K,K,L,P,L,E,V,L,K,E,M,E,A,N,A,R,K,A,G,C,T,R,G,C,L,I,C,L,S,H,I,K,C,T,P,K,M,K,K,F,I,P,G,R,C,H,T,Y,E,G,D,K,E,S,A,Q,G,G,I,G,E,A,I,V,D,I,P,E,I,P,G,F,K,D,L,E,P,M,E,Q,F,I,A,Q,V,D,L,C,V,D,C,T,T,G,C,L,K,G,L,A,N,V,Q,C,S,D,L,L,K,K,W,L,P,Q,R,C,A,T,F,A,S,K,I,Q,G,Q,V,D,K,I,K,G,A,G,G,D
KPTENNEDCNIAALDGNFVKTDSDADRGKLPGKKLPLEVLKEMEANARKAGCTRGCLICLSHIKCTPKMKKFIPGRCHTYEGDKESAQGGIGEAIVDIPEIPGFKDLEPMEQFIAQVDLCVDCTTGCLKGLANVQCSDLLKKWLPQRCATFASKIQGQVDKIKGAGGD,0.072,K,P,T,E,N,N,E,D,C,N,I,A,A,L,D,G,N,F,V,K,T,D,S,D,A,D,R,G,K,L,P,G,K,K,L,P,L,E,V,L,K,E,M,E,A,N,A,R,K,A,G,C,T,R,G,C,L,I,C,L,S,H,I,K,C,T,P,K,M,K,K,F,I,P,G,R,C,H,T,Y,E,G,D,K,E,S,A,Q,G,G,I,G,E,A,I,V,D,I,P,E,I,P,G,F,K,D,L,E,P,M,E,Q,F,I,A,Q,V,D,L,C,V,D,C,T,T,G,C,L,K,G,L,A,N,V,Q,C,S,D,L,L,K,K,W,L,P,Q,R,C,A,T,F,A,S,K,I,Q,G,Q,V,D,K,I,K,G,A,G,G,D
KPTENNEDLHICAIAVNFQSTDGDADRGKLPGKKLPLEVLKEMEANARKAGCTRGCLICLSHIKCTPKMKKFIPGRCHTYEGDKESAQGGIGEAIVDIPEIPGFKDLEPMEQFIAQVDLCVDCTTGCLKGLANVQCSDLLKKWLPQRCATFASKIQGQVDKIKGAGGD,0.066,K,P,T,E,N,N,E,D,L,H,I,C,A,I,A,V,N,F,Q,S,T,D,G,D,A,D,R,G,K,L,P,G,K,K,L,P,L,E,V,L,K,E,M,E,A,N,A,R,K,A,G,C,T,R,G,C,L,I,C,L,S,H,I,K,C,T,P,K,M,K,K,F,I,P,G,R,C,H,T,Y,E,G,D,K,E,S,A,Q,G,G,I,G,E,A,I,V,D,I,P,E,I,P,G,F,K,D,L,E,P,M,E,Q,F,I,A,Q,V,D,L,C,V,D,C,T,T,G,C,L,K,G,L,A,N,V,Q,C,S,D,L,L,K,K,W,L,P,Q,R,C,A,T,F,A,S,K,I,Q,G,Q,V,D,K,I,K,G,A,G,G,D
KPTENNEDIHIGAVGDNFGLTDIDADRGKLPGKKLPLEVLKEMEANARKAGCTRGCLICLSHIKCTPKMKKFIPGRCHTYEGDKESAQGGIGEAIVDIPEIPGFKDLEPMEQFIAQVDLCVDCTTGCLKGLANVQCSDLLKKWLPQRCATFASKIQGQVDKIKGAGGD,0.055,K,P,T,E,N,N,E,D,I,H,I,G,A,V,G,D,N,F,G,L,T,D,I,D,A,D,R,G,K,L,P,G,K,K,L,P,L,E,V,L,K,E,M,E,A,N,A,R,K,A,G,C,T,R,G,C,L,I,C,L,S,H,I,K,C,T,P,K,M,K,K,F,I,P,G,R,C,H,T,Y,E,G,D,K,E,S,A,Q,G,G,I,G,E,A,I,V,D,I,P,E,I,P,G,F,K,D,L,E,P,M,E,Q,F,I,A,Q,V,D,L,C,V,D,C,T,T,G,C,L,K,G,L,A,N,V,Q,C,S,D,L,L,K,K,W,L,P,Q,R,C,A,T,F,A,S,K,I,Q,G,Q,V,D,K,I,K,G,A,G,G,D
KPTENNEDCDIVVLGINFVMTDGDADRGKLPGKKLPLEVLKEMEANARKAGCTRGCLICLSHIKCTPKMKKFIPGRCHTYEGDKESAQGGIGEAIVDIPEIPGFKDLEPMEQFIAQVDLCVDCTTGCLKGLANVQCSDLLKKWLPQRCATFASKIQGQVDKIKGAGGD,0.054,K,P,T,E,N,N,E,D,C,D,I,V,V,L,G,I,N,F,V,M,T,D,G,D,A,D,R,G,K,L,P,G,K,K,L,P,L,E,V,L,K,E,M,E,A,N,A,R,K,A,G,C,T,R,G,C,L,I,C,L,S,H,I,K,C,T,P,K,M,K,K,F,I,P,G,R,C,H,T,Y,E,G,D,K,E,S,A,Q,G,G,I,G,E,A,I,V,D,I,P,E,I,P,G,F,K,D,L,E,P,M,E,Q,F,I,A,Q,V,D,L,C,V,D,C,T,T,G,C,L,K,G,L,A,N,V,Q,C,S,D,L,L,K,K,W,L,P,Q,R,C,A,T,F,A,S,K,I,Q,G,Q,V,D,K,I,K,G,A,G,G,D
KPTENNEDRDIEGIDNNFNATDRDADRGKLPGKKLPLEVLKEMEANARKAGCTRGCLICLSHIKCTPKMKKFIPGRCHTYEGDKESAQGGIGEAIVDIPEIPGFKDLEPMEQFIAQVDLCVDCTTGCLKGLANVQCSDLLKKWLPQRCATFASKIQGQVDKIKGAGGD,0.053,K,P,T,E,N,N,E,D,R,D,I,E,G,I,D,N,N,F,N,A,T,D,R,D,A,D,R,G,K,L,P,G,K,K,L,P,L,E,V,L,K,E,M,E,A,N,A,R,K,A,G,C,T,R,G,C,L,I,C,L,S,H,I,K,C,T,P,K,M,K,K,F,I,P,G,R,C,H,T,Y,E,G,D,K,E,S,A,Q,G,G,I,G,E,A,I,V,D,I,P,E,I,P,G,F,K,D,L,E,P,M,E,Q,F,I,A,Q,V,D,L,C,V,D,C,T,T,G,C,L,K,G,L,A,N,V,Q,C,S,D,L,L,K,K,W,L,P,Q,R,C,A,T,F,A,S,K,I,Q,G,Q,V,D,K,I,K,G,A,G,G,D
KPTENNEDGDILVIGDNFWSTDLDADRGKLPGKKLPLEVLKEMEANARKAGCTRGCLICLSHIKCTPKMKKFIPGRCHTYEGDKESAQGGIGEAIVDIPEIPGFKDLEPMEQFIAQVDLCVDCTTGCLKGLANVQCSDLLKKWLPQRCATFASKIQGQVDKIKGAGGD,0.038,K,P,T,E,N,N,E,D,G,D,I,L,V,I,G,D,N,F,W,S,T,D,L,D,A,D,R,G,K,L,P,G,K,K,L,P,L,E,V,L,K,E,M,E,A,N,A,R,K,A,G,C,T,R,G,C,L,I,C,L,S,H,I,K,C,T,P,K,M,K,K,F,I,P,G,R,C,H,T,Y,E,G,D,K,E,S,A,Q,G,G,I,G,E,A,I,V,D,I,P,E,I,P,G,F,K,D,L,E,P,M,E,Q,F,I,A,Q,V,D,L,C,V,D,C,T,T,G,C,L,K,G,L,A,N,V,Q,C,S,D,L,L,K,K,W,L,P,Q,R,C,A,T,F,A,S,K,I,Q,G,Q,V,D,K,I,K,G,A,G,G,D
KPTENNEDDHIKGVGLNFALTDRDADRGKLPGKKLPLEVLKEMEANARKAGCTRGCLICLSHIKCTPKMKKFIPGRCHTYEGDKESAQGGIGEAIVDIPEIPGFKDLEPMEQFIAQVDLCVDCTTGCLKGLANVQCSDLLKKWLPQRCATFASKIQGQVDKIKGAGGD,0.037,K,P,T,E,N,N,E,D,D,H,I,K,G,V,G,L,N,F,A,L,T,D,R,D,A,D,R,G,K,L,P,G,K,K,L,P,L,E,V,L,K,E,M,E,A,N,A,R,K,A,G,C,T,R,G,C,L,I,C,L,S,H,I,K,C,T,P,K,M,K,K,F,I,P,G,R,C,H,T,Y,E,G,D,K,E,S,A,Q,G,G,I,G,E,A,I,V,D,I,P,E,I,P,G,F,K,D,L,E,P,M,E,Q,F,I,A,Q,V,D,L,C,V,D,C,T,T,G,C,L,K,G,L,A,N,V,Q,C,S,D,L,L,K,K,W,L,P,Q,R,C,A,T,F,A,S,K,I,Q,G,Q,V,D,K,I,K,G,A,G,G,D
KPTENNEDFNIVAVASNFATTDLDADRGKLPGKKLPLEVLKEMEANARKAGCTRGCLICLSHIKCTKKMKKFIPGRCHTYEGDKKIAQGGIGPAIVDIPEIPGFKDMEPMEQFIAQVDLCDDCTTGCLKGLANVQCSDLLKKWLPQRCATFASKIQGQVDKIKGAGGD,0.036,K,P,T,E,N,N,E,D,F,N,I,V,A,V,A,S,N,F,A,T,T,D,L,D,A,D,R,G,K,L,P,G,K,K,L,P,L,E,V,L,K,E,M,E,A,N,A,R,K,A,G,C,T,R,G,C,L,I,C,L,S,H,I,K,C,T,K,K,M,K,K,F,I,P,G,R,C,H,T,Y,E,G,D,K,K,I,A,Q,G,G,I,G,P,A,I,V,D,I,P,E,I,P,G,F,K,D,M,E,P,M,E,Q,F,I,A,Q,V,D,L,C,D,D,C,T,T,G,C,L,K,G,L,A,N,V,Q,C,S,D,L,L,K,K,W,L,P,Q,R,C,A,T,F,A,S,K,I,Q,G,Q,V,D,K,I,K,G,A,G,G,D
KPTENNEDADIRGVEGNFPTTDADADRGKLPGKKLPLEVLKEMEANARKAGCTRGCLICLSHIKCTPKMKKFIPGRCHTYEGDKESAQGGIGEAIVDIPEIPGFKDLEPMEQFIAQVDLCVDCTTGCLKGLANVQCSDLLKKWLPQRCATFASKIQGQVDKIKGAGGD,0.034,K,P,T,E,N,N,E,D,A,D,I,R,G,V,E,G,N,F,P,T,T,D,A,D,A,D,R,G,K,L,P,G,K,K,L,P,L,E,V,L,K,E,M,E,A,N,A,R,K,A,G,C,T,R,G,C,L,I,C,L,S,H,I,K,C,T,P,K,M,K,K,F,I,P,G,R,C,H,T,Y,E,G,D,K,E,S,A,Q,G,G,I,G,E,A,I,V,D,I,P,E,I,P,G,F,K,D,L,E,P,M,E,Q,F,I,A,Q,V,D,L,C,V,D,C,T,T,G,C,L,K,G,L,A,N,V,Q,C,S,D,L,L,K,K,W,L,P,Q,R,C,A,T,F,A,S,K,I,Q,G,Q,V,D,K,I,K,G,A,G,G,D
KPTENNEDGYIVGLGLNFYVTDEDADRGKLPGKKLPLEVLKEMEANARKAGCTRGCLICLSHIKCTPKMKKFIPGRCHTYEGDKESAQGGIGEAIVDIPEIPGFKDLEPMEQFIAQVDLCVDCTTGCLKGLANVQCSDLLKKWLPQRCATFASKIQGQVDKIKGAGGD,0.031,K,P,T,E,N,N,E,D,G,Y,I,V,G,L,G,L,N,F,Y,V,T,D,E,D,A,D,R,G,K,L,P,G,K,K,L,P,L,E,V,L,K,E,M,E,A,N,A,R,K,A,G,C,T,R,G,C,L,I,C,L,S,H,I,K,C,T,P,K,M,K,K,F,I,P,G,R,C,H,T,Y,E,G,D,K,E,S,A,Q,G,G,I,G,E,A,I,V,D,I,P,E,I,P,G,F,K,D,L,E,P,M,E,Q,F,I,A,Q,V,D,L,C,V,D,C,T,T,G,C,L,K,G,L,A,N,V,Q,C,S,D,L,L,K,K,W,L,P,Q,R,C,A,T,F,A,S,K,I,Q,G,Q,V,D,K,I,K,G,A,G,G,D
KPTENNEDRDIDGVDNNFAATDPDADRGKLPGKKLPLEVLKEMEANARKAGCTRGCLICLSHIKCTPKMKKFIPGRCHTYEGDKESAQGGIGEAIVDIPEIPGFKDLEPMEQFIAQVDLCVDCTTGCLKGLANVQCSDLLKKWLPQRCATFASKIQGQVDKIKGAGGD,0.031,K,P,T,E,N,N,E,D,R,D,I,D,G,V,D,N,N,F,A,A,T,D,P,D,A,D,R,G,K,L,P,G,K,K,L,P,L,E,V,L,K,E,M,E,A,N,A,R,K,A,G,C,T,R,G,C,L,I,C,L,S,H,I,K,C,T,P,K,M,K,K,F,I,P,G,R,C,H,T,Y,E,G,D,K,E,S,A,Q,G,G,I,G,E,A,I,V,D,I,P,E,I,P,G,F,K,D,L,E,P,M,E,Q,F,I,A,Q,V,D,L,C,V,D,C,T,T,G,C,L,K,G,L,A,N,V,Q,C,S,D,L,L,K,K,W,L,P,Q,R,C,A,T,F,A,S,K,I,Q,G,Q,V,D,K,I,K,G,A,G,G,D
KPTENNEDCNIYAVAGNFIETDTDADRGKLPGKKLPLEVLKEMEANARKAGCTRGCLICLSHIKCTPKMKKFIPGRCHTYEGDKESAQGGIGEAIVDIPEIPGFKDLEPMEQFIAQVDLCVDCTTGCLKGLANVQCSDLLKKWLPQRCATFASKIQGQVDKIKGAGGD,0.016,K,P,T,E,N,N,E,D,C,N,I,Y,A,V,A,G,N,F,I,E,T,D,T,D,A,D,R,G,K,L,P,G,K,K,L,P,L,E,V,L,K,E,M,E,A,N,A,R,K,A,G,C,T,R,G,C,L,I,C,L,S,H,I,K,C,T,P,K,M,K,K,F,I,P,G,R,C,H,T,Y,E,G,D,K,E,S,A,Q,G,G,I,G,E,A,I,V,D,I,P,E,I,P,G,F,K,D,L,E,P,M,E,Q,F,I,A,Q,V,D,L,C,V,D,C,T,T,G,C,L,K,G,L,A,N,V,Q,C,S,D,L,L,K,K,W,L,P,Q,R,C,A,T,F,A,S,K,I,Q,G,Q,V,D,K,I,K,G,A,G,G,D
KPTENNEDIDIADIAKNFNKTDPDADRGKLPGKKLPLEVLKEMEANARKAGCTRGCLICLSHIKCTPKMKKFIPGRCHTYEGDKESAQGGIGEAIVDIPEIPGFKDLEPMEQFIAQVDLCVDCTTGCLKGLANVQCSDLLKKWLPQRCATFASKIQGQVDKIKGAGGD,0.016,K,P,T,E,N,N,E,D,I,D,I,A,D,I,A,K,N,F,N,K,T,D,P,D,A,D,R,G,K,L,P,G,K,K,L,P,L,E,V,L,K,E,M,E,A,N,A,R,K,A,G,C,T,R,G,C,L,I,C,L,S,H,I,K,C,T,P,K,M,K,K,F,I,P,G,R,C,H,T,Y,E,G,D,K,E,S,A,Q,G,G,I,G,E,A,I,V,D,I,P,E,I,P,G,F,K,D,L,E,P,M,E,Q,F,I,A,Q,V,D,L,C,V,D,C,T,T,G,C,L,K,G,L,A,N,V,Q,C,S,D,L,L,K,K,W,L,P,Q,R,C,A,T,F,A,S,K,I,Q,G,Q,V,D,K,I,K,G,A,G,G,D
KPTENNEDFNIVAVASNFATTDLDADRGKLPGKKLLLEVLKEMEANARKAGCTRGCLICLSHIKCTPKMKKFIPGRCHTYEGDKESAQGGIGEAIVDIPEIPGFKDLEPMEQFIAQVDLCVDCTTGCLKGLANVQCSDLLKKWLPQRCATFASKIQGQVDKIKGAGGD,0.007,K,P,T,E,N,N,E,D,F,N,I,V,A,V,A,S,N,F,A,T,T,D,L,D,A,D,R,G,K,L,P,G,K,K,L,L,L,E,V,L,K,E,M,E,A,N,A,R,K,A,G,C,T,R,G,C,L,I,C,L,S,H,I,K,C,T,P,K,M,K,K,F,I,P,G,R,C,H,T,Y,E,G,D,K,E,S,A,Q,G,G,I,G,E,A,I,V,D,I,P,E,I,P,G,F,K,D,L,E,P,M,E,Q,F,I,A,Q,V,D,L,C,V,D,C,T,T,G,C,L,K,G,L,A,N,V,Q,C,S,D,L,L,K,K,W,L,P,Q,R,C,A,T,F,A,S,K,I,Q,G,Q,V,D,K,I,K,G,A,G,G,D
KPTENNEDGYIVDLVRNFMETDGDADRGKLPGKKLPLEVLKEMEANARKAGCTRGCLICLSHIKCTPKMKKFIPGRCHTYEGDKESAQGGIGEAIVDIPEIPGFKDLEPMEQFIAQVDLCVDCTTGCLKGLANVQCSDLLKKWLPQRCATFASKIQGQVDKIKGAGGD,0.003,K,P,T,E,N,N,E,D,G,Y,I,V,D,L,V,R,N,F,M,E,T,D,G,D,A,D,R,G,K,L,P,G,K,K,L,P,L,E,V,L,K,E,M,E,A,N,A,R,K,A,G,C,T,R,G,C,L,I,C,L,S,H,I,K,C,T,P,K,M,K,K,F,I,P,G,R,C,H,T,Y,E,G,D,K,E,S,A,Q,G,G,I,G,E,A,I,V,D,I,P,E,I,P,G,F,K,D,L,E,P,M,E,Q,F,I,A,Q,V,D,L,C,V,D,C,T,T,G,C,L,K,G,L,A,N,V,Q,C,S,D,L,L,K,K,W,L,P,Q,R,C,A,T,F,A,S,K,I,Q,G,Q,V,D,K,I,K,G,A,G,G,D
KPTENNEDLDIPGIGANFTCTDEDADRGKLPGKKLPLEVLKEMEANARKAGCTRGCLICLSHIKCTPKMKKFIPGRCHTYEGDKESAQGGIGEATVDIPEIPGFKDLEPMEQFIAQVDLCVDCTTGCLKGLANVQCSDLLKKWLPQRCATFASKIQGQVDKIKGAGGD,0.001,K,P,T,E,N,N,E,D,L,D,I,P,G,I,G,A,N,F,T,C,T,D,E,D,A,D,R,G,K,L,P,G,K,K,L,P,L,E,V,L,K,E,M,E,A,N,A,R,K,A,G,C,T,R,G,C,L,I,C,L,S,H,I,K,C,T,P,K,M,K,K,F,I,P,G,R,C,H,T,Y,E,G,D,K,E,S,A,Q,G,G,I,G,E,A,T,V,D,I,P,E,I,P,G,F,K,D,L,E,P,M,E,Q,F,I,A,Q,V,D,L,C,V,D,C,T,T,G,C,L,K,G,L,A,N,V,Q,C,S,D,L,L,K,K,W,L,P,Q,R,C,A,T,F,A,S,K,I,Q,G,Q,V,D,K,I,K,G,A,G,G,D
KPTENNEDCNILDLVGNFATTDIDADRGKLPGKKLPLEVLKEMEANARKAGCTRGCLICLSHIKCTPKMKKFIPGRCHTYEGDKESAQGGIGEAIVDIPEIPGFKDLEPMEQFIAQVDLCVDCTTGCLKGLANVQCSDLLKKWLPQRCATFASKIQGQVDKIKGAGGD,0,K,P,T,E,N,N,E,D,C,N,I,L,D,L,V,G,N,F,A,T,T,D,I,D,A,D,R,G,K,L,P,G,K,K,L,P,L,E,V,L,K,E,M,E,A,N,A,R,K,A,G,C,T,R,G,C,L,I,C,L,S,H,I,K,C,T,P,K,M,K,K,F,I,P,G,R,C,H,T,Y,E,G,D,K,E,S,A,Q,G,G,I,G,E,A,I,V,D,I,P,E,I,P,G,F,K,D,L,E,P,M,E,Q,F,I,A,Q,V,D,L,C,V,D,C,T,T,G,C,L,K,G,L,A,N,V,Q,C,S,D,L,L,K,K,W,L,P,Q,R,C,A,T,F,A,S,K,I,Q,G,Q,V,D,K,I,K,G,A,G,G,D
KPTENNEDLDIAALDNNFAETDTDADRGKLPGKKLPLEVLKEMEANARKAGCTRGCLICLSHIKCTPKMKKFIPGRCHTYEGDKESAQGGIGEAIVDIPEIPGFKDLEPMEQFIAQVDLCVDCTTGCLKGLANVQCSDLLKKWLPQRCATFASKIQGQVDKIKGAGGD,0,K,P,T,E,N,N,E,D,L,D,I,A,A,L,D,N,N,F,A,E,T,D,T,D,A,D,R,G,K,L,P,G,K,K,L,P,L,E,V,L,K,E,M,E,A,N,A,R,K,A,G,C,T,R,G,C,L,I,C,L,S,H,I,K,C,T,P,K,M,K,K,F,I,P,G,R,C,H,T,Y,E,G,D,K,E,S,A,Q,G,G,I,G,E,A,I,V,D,I,P,E,I,P,G,F,K,D,L,E,P,M,E,Q,F,I,A,Q,V,D,L,C,V,D,C,T,T,G,C,L,K,G,L,A,N,V,Q,C,S,D,L,L,K,K,W,L,P,Q,R,C,A,T,F,A,S,K,I,Q,G,Q,V,D,K,I,K,G,A,G,G,D
KPTENNEDFNIVAVASNFATTDLDADRGKLPGKKLPLEVLKEMEANARKAGCTRGCLICLSKIKCTAKMKKFIPGRCHTYEGDKSIGQGGIGPAIVDIPEIPGFKDMEPMEQFIAQVDLCVDCTTGCLKGLANVQCSDLLKKWLPQRCATFASKIQGQVDKIKGAGGD,0,K,P,T,E,N,N,E,D,F,N,I,V,A,V,A,S,N,F,A,T,T,D,L,D,A,D,R,G,K,L,P,G,K,K,L,P,L,E,V,L,K,E,M,E,A,N,A,R,K,A,G,C,T,R,G,C,L,I,C,L,S,K,I,K,C,T,A,K,M,K,K,F,I,P,G,R,C,H,T,Y,E,G,D,K,S,I,G,Q,G,G,I,G,P,A,I,V,D,I,P,E,I,P,G,F,K,D,M,E,P,M,E,Q,F,I,A,Q,V,D,L,C,V,D,C,T,T,G,C,L,K,G,L,A,N,V,Q,C,S,D,L,L,K,K,W,L,P,Q,R,C,A,T,F,A,S,K,I,Q,G,Q,V,D,K,I,K,G,A,G,G,D
KPTENNEDFNIVAVASNFATTDLDADRGKLPGKKLPLEVLKEMEANARKAGCTRGCLICLSHIKCTKKMKKFIPGRCHTYEGDKASAQGGIGEAIVDIPEIPGFKDLEPMEQFIAQVDLCVDCTTGCLKGLANVQCSDLLKKWLPQRCATFASKIQGQVDKIKGAGGD,0,K,P,T,E,N,N,E,D,F,N,I,V,A,V,A,S,N,F,A,T,T,D,L,D,A,D,R,G,K,L,P,G,K,K,L,P,L,E,V,L,K,E,M,E,A,N,A,R,K,A,G,C,T,R,G,C,L,I,C,L,S,H,I,K,C,T,K,K,M,K,K,F,I,P,G,R,C,H,T,Y,E,G,D,K,A,S,A,Q,G,G,I,G,E,A,I,V,D,I,P,E,I,P,G,F,K,D,L,E,P,M,E,Q,F,I,A,Q,V,D,L,C,V,D,C,T,T,G,C,L,K,G,L,A,N,V,Q,C,S,D,L,L,K,K,W,L,P,Q,R,C,A,T,F,A,S,K,I,Q,G,Q,V,D,K,I,K,G,A,G,G,D
KPTENNEDFNISGIVGNFDATDLDADRGKLPGKKLPLEVLKEMEANARKAGCTRGCLICLSHIKCTPKMKKFIPGRCHTYEGDKESAQGGIGEAIVDIPEIPGFKDLEPMEQFIAQVDLCVDCTTGCLKGLANVQCSDLLKKWLPQRCATFASKIQGQVDKIKGAGGD,0,K,P,T,E,N,N,E,D,F,N,I,S,G,I,V,G,N,F,D,A,T,D,L,D,A,D,R,G,K,L,P,G,K,K,L,P,L,E,V,L,K,E,M,E,A,N,A,R,K,A,G,C,T,R,G,C,L,I,C,L,S,H,I,K,C,T,P,K,M,K,K,F,I,P,G,R,C,H,T,Y,E,G,D,K,E,S,A,Q,G,G,I,G,E,A,I,V,D,I,P,E,I,P,G,F,K,D,L,E,P,M,E,Q,F,I,A,Q,V,D,L,C,V,D,C,T,T,G,C,L,K,G,L,A,N,V,Q,C,S,D,L,L,K,K,W,L,P,Q,R,C,A,T,F,A,S,K,I,Q,G,Q,V,D,K,I,K,G,A,G,G,D
