mutants,mutation_times
K,0.0
P,0.0
T,0.0
E,0.0
N,0.0
N,0.0
E,1.0
D,0.0
F,41.0
N,33.0
I,0.0
V,51.0
A,38.0
V,32.0
A,38.0
S,50.0
N,2.0
F,0.0
A,40.0
T,44.0
T,0.0
D,0.0
L,43.0
D,0.0
A,3.0
D,0.0
R,0.0
G,0.0
K,0.0
L,0.0
P,0.0
G,0.0
K,0.0
K,0.0
L,0.0
P,1.0
L,0.0
E,0.0
V,0.0
L,0.0
K,0.0
E,0.0
M,0.0
E,0.0
A,0.0
N,0.0
A,0.0
R,0.0
K,43.0
A,0.0
G,0.0
C,0.0
T,0.0
R,0.0
G,0.0
C,0.0
L,0.0
I,0.0
C,0.0
L,0.0
S,0.0
H,50.0
I,0.0
K,0.0
C,0.0
T,0.0
P,80.0
K,0.0
M,0.0
K,0.0
K,1.0
F,0.0
I,0.0
P,0.0
G,0.0
R,0.0
C,0.0
H,3.0
T,5.0
Y,1.0
E,1.0
G,0.0
D,0.0
K,0.0
E,88.0
S,83.0
A,65.0
Q,4.0
G,4.0
G,0.0
I,0.0
G,1.0
E,77.0
A,0.0
I,1.0
V,0.0
D,0.0
I,0.0
P,0.0
E,0.0
I,0.0
P,0.0
G,0.0
F,0.0
K,0.0
D,11.0
L,73.0
E,0.0
P,0.0
M,0.0
E,1.0
Q,0.0
F,0.0
I,5.0
A,0.0
Q,0.0
V,0.0
D,0.0
L,0.0
C,0.0
V,75.0
D,0.0
C,0.0
T,0.0
T,0.0
G,0.0
C,0.0
L,0.0
K,0.0
G,0.0
L,0.0
A,0.0
N,0.0
V,0.0
Q,28.0
C,0.0
S,0.0
D,0.0
L,0.0
L,0.0
K,0.0
K,1.0
W,0.0
L,0.0
P,0.0
Q,24.0
R,0.0
C,0.0
A,0.0
T,26.0
F,0.0
A,0.0
S,31.0
K,0.0
I,0.0
Q,0.0
G,28.0
Q,13.0
V,0.0
D,1.0
K,22.0
I,1.0
K,1.0
G,0.0
A,29.0
G,24.0
G,0.0
D,0.0
